"name","gp","g","a","hits","blocks","ppp","shg","sog","fow"
"Brent Burns","81","24.921","44.27","109.2","132.02","25.5178"," 7.0e-01","294.8"," 12.2"
"Patrice Bergeron","77","26.822","40.16"," 73.6"," 51.93","21.9328"," 1.1e+00","242.0","960.3"
"Claude Giroux","74","23.520","42.66"," 80.0"," 38.31","23.9544"," 9.7e-01","209.6","871.5"
"Alex Ovechkin","71","32.857","34.43","182.7"," 34.73","23.7982"," 4.6e-01","306.5","  0.0"
"Jamie Benn","71","25.245","34.50","125.3"," 46.34","19.2462"," 7.8e-01","207.8","208.7"
"Tyler Seguin","76","29.343","40.53"," 87.2"," 33.83","23.4550"," 6.7e-01","268.0","402.5"
"Sidney Crosby","68","24.786","43.23"," 66.2"," 33.64","24.2310"," 5.4e-01","193.9","764.0"
"Erik Karlsson","69","16.160","38.31"," 72.6","130.34","20.8205"," 3.3e-01","201.5","  0.0"
"Ryan O'Reilly","74","20.553","36.02"," 30.6"," 44.23","18.0807"," 1.0e+00","172.0","887.5"
"Kris Letang","68","15.588","35.39","118.5","110.14","20.6859"," 2.5e-01","191.5","  0.0"
"Ryan Kesler","69","16.675","26.72","125.1"," 69.51","11.9275"," 8.8e-01","148.3","744.8"
"Anze Kopitar","70","19.542","36.56"," 65.1"," 52.06","17.9106"," 8.5e-01","160.3","722.5"
"Blake Wheeler","75","24.046","34.75"," 92.4"," 49.54","16.7632"," 8.4e-01","222.0"," 18.9"
"Evander Kane","72","23.837","23.92","180.3"," 31.89","11.6929"," 9.2e-01","254.2"," 64.2"
"Nazem Kadri","70","19.851","29.23","131.8"," 42.36","14.8053"," 6.9e-01","201.1","493.1"
"Patrick Kane","71","28.767","42.29"," 42.3"," 23.43","26.0520"," 3.1e-01","235.8"," 21.9"
"Nathan MacKinnon","73","22.473","32.68"," 59.6"," 51.52","17.0451"," 6.7e-01","225.4","435.6"
"John Tavares","68","23.546","34.90"," 49.6"," 30.25","18.9998"," 5.4e-01","202.4","605.7"
"Brandon Dubinsky","69","15.315","25.19","186.5"," 40.24","10.7869"," 7.2e-01","142.0","613.0"
"Dustin Byfuglien","68","13.997","25.88","164.9"," 89.42","13.7027"," 3.7e-01","187.0","  0.0"
"Jeff Carter","69","21.871","29.91"," 76.6"," 37.19","14.1326"," 9.0e-01","209.3","494.3"
"Oliver Ekman-Larsson","70","15.294","29.18","137.0"," 73.58","17.9265"," 2.1e-01","189.2","  0.0"
"Pavel Datsyuk","69","19.041","35.40"," 70.7"," 36.74","19.5938"," 4.2e-01","167.6","576.8"
"Torey Krug","64","11.492","30.67"," 55.4"," 79.07","17.2451"," 2.3e-01","161.4","  8.6"
"Ryan Getzlaf","67","16.393","35.27"," 89.4"," 50.67","18.5931"," 4.4e-01","148.6","488.3"
"Mark Giordano","68","13.309","28.85"," 69.0","142.52","14.5261"," 4.9e-01","165.9","  0.0"
"Bryan Little","72","18.845","30.36"," 63.8"," 31.92","14.1354"," 9.8e-01","159.4","719.4"
"Joe Pavelski","64","20.453","28.94"," 99.9"," 49.86","16.6924"," 4.7e-01","176.3","391.4"
"David Backes","68","15.288","22.47","180.9"," 52.46","10.1751"," 5.2e-01","140.3","470.9"
"Aleksander Barkov","70","20.851","30.92"," 53.1"," 41.85","14.9377"," 7.6e-01","173.9","549.6"
"Roman Josi","68","12.824","30.07"," 57.2","139.18","15.3741"," 3.9e-01","164.8","  0.0"
"Jonathan Toews","67","18.536","27.89"," 64.5"," 34.44","11.7694"," 1.0e+00","148.3","718.5"
"Max Pacioretty","68","23.332","28.01"," 92.7"," 33.43","14.8968"," 6.8e-01","225.5"," 11.9"
"Henrik Zetterberg","63","16.308","26.83"," 42.4"," 22.90","14.9840"," 3.9e-01","154.9","385.2"
"Sean Monahan","70","19.629","30.04"," 42.0"," 34.34","15.0558"," 5.7e-01","163.9","694.2"
"Wayne Simmonds","70","20.491","25.07","154.7"," 39.39","14.2606"," 3.3e-01","182.0"," 12.2"
"Brad Marchand","72","24.102","25.85"," 77.6"," 35.05","11.1666"," 1.2e+00","209.2"," 24.4"
"Derek Stepan","71","19.219","30.72"," 52.2"," 40.20","14.3857"," 9.3e-01","174.7","475.2"
"Shea Weber","65","11.709","24.43","128.3","119.30","14.3106"," 1.8e-01","151.2","  0.0"
"Steven Stamkos","64","21.606","28.82"," 87.3"," 32.46","16.2835"," 5.0e-01","175.2","368.5"
"Drew Doughty","70","11.538","28.08","109.7"," 92.19","15.5254"," 3.1e-01","156.8","  0.0"
"Martin Hanzal","66","14.576","25.12","125.1"," 33.41","11.4029"," 7.0e-01","141.7","557.9"
"Taylor Hall","67","22.017","29.29"," 73.0"," 40.60","14.7840"," 4.4e-01","210.1"," 24.2"
"Erik Johnson","67"," 9.252","19.41","114.4","155.23"," 7.5524"," 5.7e-01","147.0","  0.0"
"Ryan Suter","73","10.398","30.35"," 69.7","117.93","15.2333"," 3.2e-01","153.4","  0.0"
"Justin Faulk","67","13.159","24.54","114.8"," 77.11","14.1694"," 2.9e-01","170.1","  0.0"
"P.K. Subban","64","11.289","31.94"," 91.6"," 80.80","18.9214"," 9.3e-02","155.0","  0.0"
"Jake Muzzin","68"," 9.610","22.86","153.6","108.06","10.8872"," 2.3e-01","152.5","  0.0"
"Vladimir Tarasenko","69","24.928","30.30"," 48.5"," 27.58","17.7704"," 3.1e-01","221.1","  0.0"
"Ryan Johansen","67","15.702","28.49"," 91.3"," 29.98","14.4776"," 4.6e-01","151.7","498.0"
"Alexander Steen","66","18.202","26.97"," 54.5"," 34.39","14.5538"," 5.6e-01","169.9","139.9"
"Nicklas Backstrom","63","15.029","34.61"," 44.3"," 41.20","19.5383"," 2.7e-01","117.2","516.3"
"Evgeny Kuznetsov","68","17.586","33.30"," 65.1"," 29.03","15.8810"," 6.6e-01","157.3","377.7"
"Boone Jenner","65","16.806","20.36","162.8"," 53.21"," 9.7552"," 5.7e-01","163.9","128.9"
"T.J. Oshie","64","16.371","22.87","104.7"," 46.67","11.9788"," 4.4e-01","141.1"," 96.2"
"Kevin Shattenkirk","66","11.392","27.99"," 79.1","100.62","17.0396"," 8.7e-02","149.7","  0.0"
"Evgeni Malkin","61","20.943","34.39"," 35.8"," 24.66","21.8351"," 2.8e-01","172.1","310.0"
"Brent Seabrook","69"," 9.805","25.22","106.4","118.55","13.4836"," 1.5e-01","137.2","  0.0"
"Jakub Voracek","72","18.890","32.26"," 60.7"," 34.28","17.9710"," 2.6e-01","189.0"," 11.7"
"Tomas Plekanec","66","15.341","27.06"," 51.7"," 37.81","12.2646"," 6.6e-01","147.3","593.5"
"Mikko Koivu","65","13.657","27.78"," 34.8"," 41.95","13.1507"," 6.8e-01","119.8","700.4"
"David Krejci","66","15.439","31.06"," 47.8"," 48.43","14.5466"," 4.8e-01","133.0","465.3"
"Frans Nielsen","66","14.885","25.63"," 40.6"," 63.78","12.1950"," 8.1e-01","140.5","426.0"
"Gabriel Landeskog","65","16.236","22.30","119.1"," 51.90","10.1207"," 6.5e-01","152.5"," 29.2"
"Alan Quine","41","11.744","10.06"," 56.8"," 50.02"," 2.8995"," 4.5e+00"," 94.6","314.2"
"Derick Brassard","67","16.825","27.19"," 89.1"," 24.91","14.4606"," 4.6e-01","144.4","479.3"
"Mark Scheifele","65","18.879","27.65"," 61.8"," 35.13","12.8468"," 6.0e-01","163.1","407.4"
"Mika Zibanejad","65","15.226","23.78"," 94.4"," 36.65","10.2423"," 8.0e-01","144.7","451.7"
"James Neal","66","21.242","24.68"," 96.9"," 28.44","13.3357"," 4.1e-01","196.9"," 13.8"
"John Carlson","64","10.633","26.40"," 61.7","121.47","13.0500"," 2.4e-01","143.1","  0.0"
"Patric Hornqvist","64","17.962","21.44","115.6"," 40.65","11.3636"," 3.6e-01","184.8"," 11.3"
"Jordan Staal","66","13.915","21.34","119.7"," 30.07"," 8.4474"," 6.3e-01","122.8","585.3"
"Zach Parise","65","20.469","25.42"," 72.6"," 37.97","14.7366"," 3.2e-01","198.5","  0.0"
"Rasmus Ristolainen","65"," 9.490","22.04","112.2","104.98","11.7413"," 2.0e-01","146.9","  0.0"
"Brendan Gallagher","66","21.046","24.48"," 64.3"," 33.31","12.4859"," 4.2e-01","199.3"," 24.1"
"Vincent Trocheck","63","15.432","21.92","102.6"," 35.78"," 9.2228"," 7.7e-01","138.7","419.7"
"Victor Hedman","68","10.633","26.04"," 67.3","111.43","11.3185"," 2.6e-01","146.6","  0.0"
"Ryan McDonagh","62"," 7.375","18.43"," 83.1","109.07"," 6.9617"," 2.9e-01","103.3","  7.8"
"Jeff Petry","62"," 7.158","15.94","107.0"," 90.34"," 6.1174"," 3.0e-01","112.9","  8.2"
"Matt Duchene","65","18.578","26.47"," 46.5"," 35.10","12.8659"," 4.2e-01","161.7","370.2"
"Daniel Sedin","69","21.413","30.47"," 34.1"," 21.44","17.1645"," 2.9e-01","193.9"," 13.4"
"Jason Spezza","63","18.789","30.37"," 20.0"," 22.10","17.3664"," 2.9e-01","152.5","456.9"
"Antoine Vermette","67","12.921","20.96"," 56.1"," 46.42"," 8.6718"," 7.6e-01","113.1","601.4"
"Joel Ward","67","14.528","18.97"," 66.3"," 43.29"," 7.5968"," 6.2e-01","123.5","163.1"
"Paul Stastny","62","13.117","28.47"," 33.5"," 37.99","13.3482"," 3.8e-01","110.7","608.7"
"James van Riemsdyk","66","20.300","23.78"," 89.5"," 19.08","12.9463"," 4.0e-01","192.4"," 12.0"
"John Klingberg","68","11.526","31.51"," 46.2"," 67.91","16.7841"," 4.6e-02","144.5","  0.0"
"Leo Komarov","65","12.386","16.26","244.0"," 30.51"," 5.7428"," 5.5e-01","120.6"," 68.9"
"Adam Henrique","63","15.088","20.81"," 59.6"," 44.13"," 8.7422"," 8.8e-01","121.2","424.4"
"Michael Stone","62"," 7.871","19.89","113.9","111.12"," 9.0940"," 2.1e-01","125.0","  0.0"
"Corey Perry","64","19.233","23.37"," 80.0"," 29.41","13.5915"," 2.6e-01","163.0"," 10.0"
"Alex Pietrangelo","64"," 9.586","23.71"," 54.2","111.13","10.1130"," 2.7e-01","142.5","  0.0"
"Jussi Jokinen","66","14.843","25.57"," 43.7"," 39.04","11.2170"," 4.3e-01","127.7","128.7"
"Andrew Ladd","67","16.451","19.25","123.2"," 36.56"," 8.8269"," 5.0e-01","148.6"," 15.4"
"Marian Hossa","65","17.198","23.51"," 49.9"," 33.36","12.0692"," 7.4e-01","172.8","  0.0"
"Jack Eichel","67","18.551","26.99"," 37.8"," 20.14","14.9205"," 3.2e-01","182.4","317.9"
"Alex Galchenyuk","68","17.977","24.96"," 65.3"," 33.86","12.1457"," 4.4e-01","158.3","241.7"
"Nick Foligno","66","13.256","19.56","131.3"," 40.84"," 9.1082"," 2.7e-01","127.7"," 69.5"
"Nikita Kucherov","67","19.310","26.36"," 63.3"," 27.75","15.3102"," 1.8e-01","169.7","  0.0"
"Kyle Turris","64","14.095","21.29"," 54.3"," 35.54"," 9.0224"," 5.1e-01","132.3","543.8"
"Tyler Bozak","62","12.803","23.71"," 57.0"," 30.10","10.2985"," 4.8e-01","105.4","617.7"
"Phil Kessel","67","21.325","26.66"," 26.2"," 17.30","14.5898"," 3.5e-01","204.3"," 18.5"
"Luke Schenn","62"," 3.477","10.62","182.7"," 93.26"," 1.5973"," 2.3e-01"," 74.7","  7.9"
"Bo Horvat","67","13.165","20.33"," 59.6"," 40.09"," 8.0027"," 5.2e-01","123.0","563.9"
"Patrick Sharp","63","17.413","23.70"," 65.6"," 23.19","13.5596"," 3.2e-01","168.9"," 56.6"
"Dion Phaneuf","63"," 7.484","20.73","134.2"," 82.82","10.1991"," 1.4e-01","125.4","  0.0"
"Morgan Rielly","70"," 8.646","22.31"," 65.9","103.25"," 8.9459"," 4.1e-01","134.5","  0.0"
"Johnny Boychuk","62"," 7.708","15.94","128.0","113.97"," 5.9915"," 2.8e-01","128.5","  0.0"
"Patrick Marleau","65","16.897","24.85"," 58.4"," 30.88","14.3717"," 4.7e-01","158.9","216.8"
"Logan Couture","59","16.142","23.67"," 42.0"," 42.03","12.8354"," 4.1e-01","152.6","299.8"
"Duncan Keith","68"," 9.244","26.60"," 32.3","108.91","13.2119"," 1.5e-01","131.2","  0.0"
"Kyle Okposo","61","16.486","24.64"," 71.1"," 31.25","13.2751"," 2.3e-01","151.8"," 31.9"
"Shayne Gostisbehere","54","10.540","21.86"," 30.4"," 53.46","12.4452"," 9.7e-02","119.0","  7.0"
"Michael Del Zotto","64"," 5.681","15.78","155.8","117.76"," 5.5919"," 2.5e-01","104.9","  0.0"
"Travis Zajac","64","11.708","21.73"," 57.4"," 35.60"," 9.4614"," 6.3e-01","104.9","567.5"
"Shane Doan","63","16.860","21.00"," 98.7"," 19.20","11.9605"," 2.7e-01","145.3"," 65.5"
"Dustin Brown","66","13.958","16.33","172.0"," 23.25"," 7.0099"," 3.6e-01","154.6"," 15.5"
"Erik Haula","63","10.697","14.44"," 53.8"," 42.28"," 2.7309"," 7.3e-01"," 91.5","310.8"
"Mikael Granlund","65","11.991","22.55"," 70.7"," 44.50"," 8.9640"," 5.5e-01","120.0","389.3"
"Sean Couturier","67","13.350","23.21"," 45.9"," 34.34"," 8.6927"," 6.0e-01","127.5","512.5"
"Blake Comeau","63","11.488","15.71","126.1"," 29.40"," 5.4471"," 6.1e-01","111.3","163.9"
"Matt Niskanen","68"," 6.163","19.54","123.9","111.71"," 8.9176"," 9.1e-02","113.9","  0.0"
"Tomas Hertl","66","15.869","20.99"," 83.3"," 46.84"," 8.2671"," 4.5e-01","156.1","175.8"
"Alexander Edler","61"," 7.443","18.86"," 96.9","113.51"," 9.3326"," 1.6e-01","121.0","  0.0"
"Mike Fisher","60"," 9.789","14.15","107.7"," 55.85"," 4.3896"," 4.8e-01"," 89.9","517.4"
"Tyler Johnson","64","14.690","23.26"," 54.5"," 27.83","10.7247"," 5.0e-01","138.7","415.8"
"Nick Bjugstad","61","13.779","19.32"," 85.9"," 28.75"," 9.5967"," 4.3e-01","143.1","385.9"
"Henrik Sedin","68","12.343","32.42"," 18.9"," 23.36","15.5437"," 4.2e-01"," 96.1","530.8"
"Rick Nash","64","17.874","21.36"," 75.8"," 28.17","10.5289"," 4.2e-01","177.8","  0.0"
"Dougie Hamilton","64"," 9.469","22.27"," 72.7"," 84.16","10.9171"," 1.6e-01","137.4","  0.0"
"Travis Hamonic","63"," 6.037","14.77","128.7","109.56"," 4.7590"," 4.2e-01","115.1","  0.0"
"Zdeno Chara","64"," 7.841","19.94","101.5"," 94.20"," 9.0961"," 1.5e-01","123.9","  0.0"
"Marc-Edouard Vlasic","68"," 7.999","22.37"," 58.1","120.36"," 8.9796"," 2.0e-01","119.1","  0.0"
"Brandon Sutter","65","13.992","17.89"," 52.4"," 35.38"," 5.8737"," 9.9e-01","136.6","442.8"
"Kyle Palmieri","59","16.101","19.03"," 94.2"," 35.17","10.4090"," 2.7e-01","147.2"," 13.0"
"Tyson Barrie","63"," 9.865","24.83"," 47.1"," 73.30","12.6430"," 2.5e-01","128.3","  0.0"
"Jake Gardiner","62"," 6.361","18.02"," 73.4"," 62.78"," 7.8913"," 1.6e-01"," 94.8","  8.4"
"Roman Polak","58"," 2.004"," 8.61","189.4","102.03"," 1.1790"," 1.5e-01"," 62.5","  7.3"
"Jean-Gabriel Pageau","58","10.689","15.16","112.4"," 41.02"," 3.5728"," 1.1e+00"," 98.9","387.6"
"Loui Eriksson","67","18.216","24.73"," 34.2"," 29.95","11.7816"," 5.7e-01","150.6"," 15.7"
"Johnny Gaudreau","63","21.592","29.06"," 34.3"," 14.87","14.8253"," 1.8e-01","162.7","  8.7"
"Radko Gudas","57"," 4.101"," 9.50","208.6","110.62"," 2.6112"," 2.4e-01"," 96.1","  0.0"
"Cam Atkinson","63","17.734","19.94"," 50.9"," 32.10"," 8.7039"," 6.5e-01","167.3","  8.6"
"Brandon Saad","65","19.068","21.65"," 53.3"," 25.36"," 9.8036"," 4.6e-01","171.1"," 24.0"
"Joe Thornton","62","13.067","33.08"," 36.5"," 26.46","17.4008"," 8.0e-02"," 99.2","346.7"
"Ryan Nugent-Hopkins","60","12.823","23.77"," 49.9"," 38.93","11.5804"," 3.2e-01","117.2","377.8"
"Ondrej Palat","62","13.635","19.79","107.7"," 38.72"," 7.5195"," 6.3e-01","117.7","  9.5"
"Seth Jones","69"," 7.000","21.06"," 80.2"," 99.96"," 9.6312"," 1.7e-01","123.6","  0.0"
"Jacob Trouba","64"," 5.841","14.32","111.0","127.94"," 3.9241"," 4.2e-01","106.7","  0.0"
"Filip Forsberg","59","16.623","22.88"," 85.3"," 31.56","12.7795"," 4.4e-01","165.2","  8.1"
"Francois Beauchemin","63"," 5.637","17.63"," 68.6","162.38"," 6.3634"," 1.9e-01","101.4","  0.0"
"Artemi Panarin","68","19.497","30.87"," 40.8"," 12.87","17.1044"," 3.1e-02","155.7","  0.0"
"Michael Frolik","67","15.149","17.46"," 63.2"," 43.30"," 5.4266"," 7.2e-01","154.6"," 16.4"
"Aaron Ekblad","68","10.662","20.43"," 80.7"," 61.65"," 9.3670"," 1.5e-01","145.8","  0.0"
"Colton Parayko","67"," 8.601","18.81"," 82.2"," 96.87"," 7.2704"," 1.7e-01","135.0","  0.0"
"Hampus Lindholm","71"," 7.615","19.52"," 71.7"," 99.73"," 8.5528"," 2.7e-01","120.4","  0.0"
"Ryan Callahan","57","11.458","14.17","124.4"," 49.82"," 5.3682"," 3.9e-01","120.8"," 20.3"
"Milan Lucic","65","12.963","18.91","175.2"," 24.39"," 7.0272"," 2.3e-01","106.6"," 15.5"
"Carl Soderberg","64","12.377","24.40"," 38.4"," 50.69","10.0772"," 5.2e-01","125.7","236.3"
"Connor McDavid","57","16.954","31.35"," 15.9"," 13.84","16.3185"," 1.9e-01","134.0","303.0"
"Chris Kunitz","62","12.523","15.96","173.3"," 29.41"," 6.4385"," 2.4e-01","114.9"," 11.5"
"Jakob Silfverberg","65","15.124","16.16"," 75.4"," 42.48"," 5.7890"," 5.5e-01","155.8"," 11.5"
"Jordan Eberle","64","18.049","23.23"," 42.3"," 25.29","11.5205"," 3.3e-01","152.4"," 12.4"
"Elias Lindholm","66","12.082","20.92"," 94.1"," 37.73","10.1762"," 2.8e-01","131.7","157.5"
"Jeff Skinner","63","19.155","20.85"," 35.5"," 18.61","10.0162"," 4.1e-01","184.6"," 26.0"
"Mats Zuccarello","57","13.869","20.75"," 69.4"," 43.72","10.2182"," 2.6e-01","118.0"," 10.3"
"Jarome Iginla","59","14.939","19.95"," 55.0"," 31.23","10.7616"," 2.0e-01","132.1"," 67.5"
"Jonathan Huberdeau","67","15.772","26.14"," 60.7"," 34.65","11.4662"," 4.6e-01","151.4"," 13.8"
"Sami Vatanen","58"," 8.067","20.50"," 71.6"," 84.56","11.0115"," 9.0e-02","108.4","  0.0"
"Adam Lowry","60"," 5.995"," 7.89","141.3"," 35.78"," 0.6943"," 3.3e-01"," 58.7","299.8"
"Troy Brouwer","59","11.007","15.05","133.7"," 36.65"," 6.3760"," 2.7e-01"," 98.4"," 53.3"
"Justin Williams","62","15.608","20.94"," 37.8"," 31.78"," 9.3139"," 3.8e-01","148.5"," 39.5"
"Eric Staal","61","13.136","20.60"," 55.2"," 27.66"," 8.9306"," 4.1e-01","135.9","347.7"
"Mike Hoffman","59","17.138","21.23"," 42.7"," 24.31","10.4145"," 4.2e-01","160.0"," 14.1"
"Bobby Ryan","61","15.564","21.10"," 82.6"," 22.59","10.4583"," 2.5e-01","138.5"," 13.2"
"Matt Beleskey","60","11.413","13.17","170.8"," 34.45"," 4.7564"," 2.7e-01","116.6"," 11.7"
"David Savard","61"," 5.702","17.22","113.9"," 98.56"," 6.3352"," 1.6e-01","100.7","  0.0"
"Cody Eakin","63","10.969","16.24"," 78.2"," 37.79"," 4.3606"," 7.6e-01","102.7","399.8"
"Brayden Schenn","58","12.736","19.59","130.9"," 27.08","10.2855"," 2.1e-01","121.2"," 72.0"
"Mark Stone","58","14.075","21.21"," 54.4"," 38.03"," 9.3172"," 4.4e-01","118.5"," 12.7"
"Alec Martinez","57"," 5.418","14.74","112.6","118.41"," 6.0797"," 1.2e-01"," 89.2","  0.0"
"Victor Rask","65","13.727","21.64"," 33.7"," 27.59","10.6336"," 3.0e-01","128.6","367.7"
"Calvin de Haan","60"," 3.603","12.80","108.8","144.49"," 2.7444"," 2.9e-01"," 87.0","  0.0"
"Jason Pominville","63","14.402","20.77"," 39.1"," 28.07"," 9.9005"," 3.5e-01","143.9"," 38.2"
"Mikael Backlund","58","11.698","17.29"," 54.1"," 35.83"," 6.0816"," 7.4e-01","112.1","351.2"
"Radim Vrbata","64","16.707","19.95"," 34.9"," 17.92","10.5354"," 3.7e-01","176.5"," 12.1"
"Chris Kreider","61","12.986","15.81","130.9"," 28.43"," 6.3948"," 2.7e-01","118.3"," 10.9"
"Nino Niederreiter","68","14.255","17.29","111.7"," 22.37"," 6.2233"," 3.6e-01","128.8"," 15.5"
"Alex Goligoski","61"," 5.595","19.73"," 75.6","109.03"," 7.2479"," 1.4e-01"," 93.2","  0.0"
"Artem Anisimov","63","12.261","18.04"," 52.3"," 34.36"," 6.3354"," 7.1e-01","106.9","356.2"
"Andrej Sekera","63"," 6.174","18.14"," 59.1","109.85"," 7.7118"," 1.3e-01","106.3","  0.0"
"Drew Stafford","64","15.272","17.92"," 60.7"," 18.42"," 7.6741"," 4.6e-01","143.1"," 45.4"
"Lee Stempniak","64","13.383","18.30"," 85.9"," 28.55"," 7.3643"," 3.9e-01","122.0"," 10.1"
"Charlie Coyle","63","11.553","16.10","103.1"," 45.26"," 5.0328"," 3.3e-01","108.2","166.6"
"Cam Fowler","63"," 5.991","20.36"," 50.3"," 97.87","10.4474"," 7.1e-02"," 98.9","  0.0"
"Zach Bogosian","59"," 6.523","15.15"," 87.3"," 88.46"," 5.7378"," 2.4e-01","109.9","  0.0"
"Keith Yandle","61"," 7.615","23.55"," 40.8"," 60.03","12.7951"," 2.9e-02","117.8","  0.0"
"David Perron","62","12.825","17.19","112.8"," 24.12"," 7.8298"," 2.0e-01","122.2","  9.4"
"Scott Hartnell","62","13.287","17.00"," 98.5"," 32.46"," 7.9365"," 1.7e-01","120.1","  0.0"
"Tyler Myers","63"," 7.542","18.05"," 62.7"," 85.33"," 6.6687"," 2.1e-01","111.6","  0.0"
"Rickard Rakell","59","12.014","17.74"," 98.3"," 28.08"," 7.5587"," 3.1e-01","120.1","170.3"
"Mark Streit","63"," 6.771","20.64"," 43.8"," 90.76"," 9.7150"," 1.0e-01","103.9","  0.0"
"Nick Bonino","58"," 9.748","17.16"," 32.4"," 54.41"," 4.9303"," 5.8e-01"," 94.0","376.6"
"Pavel Zacha","41","12.666","37.36"," 25.2"," 15.22","13.9440"," 3.6e-01","112.4","118.1"
"Ryan Ellis","62"," 7.359","17.33"," 58.9"," 80.65"," 6.4644"," 3.1e-01","111.9","  0.0"
"Leon Draisaitl","61","13.039","21.57"," 38.7"," 18.50"," 8.5291"," 3.9e-01","115.0","378.8"
"Justin Abdelkader","58","10.607","12.98","135.0"," 31.60"," 5.3205"," 2.1e-01","103.7"," 33.2"
"Tyler Toffoli","63","15.806","20.55"," 68.2"," 21.79"," 9.0409"," 5.3e-01","151.6","  0.0"
"Anton Stralman","62"," 6.505","18.29"," 86.3"," 69.15"," 8.2941"," 8.3e-02","101.8","  0.0"
"Dylan Larkin","69","17.203","19.25"," 60.7"," 21.54"," 7.1769"," 3.4e-01","177.2"," 40.9"
"Pierre-Edouard Bellemare","61"," 7.145"," 7.66"," 62.8"," 43.62"," 0.3941"," 4.9e-01"," 80.5","221.2"
"Tyler Ennis","57","12.385","18.29"," 73.6"," 23.89"," 9.1867"," 1.8e-01","126.8"," 33.2"
"Andrei Markov","59"," 5.466","21.95"," 45.7"," 93.39","10.8463"," 2.8e-02"," 87.2","  0.0"
"Nick Leddy","64"," 5.949","20.53"," 70.8"," 74.51"," 9.8402"," 5.7e-03"," 96.0","  0.0"
"Jared Spurgeon","60"," 6.013","16.53"," 52.2","110.25"," 7.2911"," 1.1e-01"," 93.2","  0.0"
"Tom Wilson","66"," 7.167","10.02","187.1"," 38.99"," 1.2680"," 2.6e-01"," 80.0"," 12.8"
"Kris Russell","59"," 3.325","14.48"," 49.7","164.19"," 3.9254"," 1.7e-01"," 74.2","  0.0"
"Alexander Wennberg","63"," 9.662","21.07"," 36.5"," 38.26"," 8.4953"," 2.9e-01"," 95.2","334.7"
"Mikkel Boedker","61","13.011","20.55"," 55.8"," 25.34","10.1261"," 2.1e-01","119.7","  8.0"
"Kevin Hayes","67","12.132","16.70"," 55.3"," 21.32"," 5.4671"," 2.8e-01","108.4","126.7"
"Jason Chimera","67","13.605","15.34"," 87.9"," 17.92"," 5.3305"," 5.5e-01","131.1"," 16.7"
"Dan Girardi","60"," 1.687","10.70","129.4","137.50"," 2.0183"," 1.6e-01"," 63.9","  0.0"
"Brock Nelson","64","13.476","16.15"," 60.6"," 39.45"," 5.8869"," 3.4e-01","125.8","155.8"
"Jason Demers","62"," 5.524","15.83"," 88.9"," 77.76"," 5.4335"," 2.8e-01"," 92.0","  0.0"
"Valtteri Filppula","64"," 9.943","19.11"," 37.0"," 25.58"," 6.4595"," 5.2e-01"," 90.7","457.0"
"John Mitchell","60"," 8.380","13.17"," 80.3"," 50.30"," 3.0192"," 4.1e-01"," 85.7","310.8"
"Nick Schultz","63"," 1.081"," 9.00"," 74.0","119.79"," 0.5615"," 1.4e-01"," 52.9","  7.8"
"Jaden Schwartz","56","12.701","18.18"," 50.5"," 33.92"," 7.7970"," 2.7e-01","107.8"," 30.3"
"Mike Green","56"," 6.553","18.61"," 76.6"," 61.51","10.4112","-1.0e-02"," 96.8","  0.0"
"William Nylander","47","11.003","14.55"," 12.8","  9.91"," 6.1018"," 2.2e-01"," 90.2","289.5"
"Benoit Pouliot","58","12.899","18.16"," 50.8"," 27.03"," 7.4993"," 4.1e-01","113.8"," 30.4"
"Colin Greening","55","10.451","12.00","147.1"," 22.90"," 4.1001"," 2.8e-01","102.0"," 27.2"
"Reilly Smith","62","12.961","17.18"," 72.0"," 30.43"," 7.5319"," 1.9e-01","117.3","  0.0"
"Carl Hagelin","63","12.583","14.71"," 77.4"," 29.65"," 4.4059"," 4.1e-01","128.1"," 11.5"
"Michael Cammalleri","53","15.426","23.50"," 21.6"," 15.13","11.9259"," 1.4e-01","127.4"," 14.5"
"Zack Smith","57"," 9.481","11.08","118.0"," 23.87"," 2.6464"," 7.9e-01"," 86.8","252.5"
"Luke Glendening","62"," 6.069"," 9.74","100.5"," 46.17"," 0.9148"," 3.1e-01"," 65.9","443.7"
"Cody Ceci","63"," 5.821","13.62"," 68.1","102.10"," 3.4248"," 2.0e-01"," 97.8","  0.0"
"Trevor Lewis","62"," 9.305","11.35","134.9"," 29.49"," 2.5401"," 5.3e-01","118.7"," 81.6"
"P.A. Parenteau","60","13.493","18.49"," 51.7"," 23.49"," 8.6090"," 2.3e-01","121.5"," 10.6"
"Andrew Shaw","61","10.750","15.10","114.0"," 23.30"," 5.6655"," 2.3e-01","111.0","130.8"
"Casey Cizikas","58"," 5.949","11.45","111.5"," 43.73"," 1.7838"," 5.0e-01"," 62.8","308.5"
"Connor Murphy","60"," 3.551","10.45","126.4","101.54"," 2.1941"," 1.4e-01"," 76.3","  0.0"
"Dale Weise","61","10.596","12.92","113.5"," 26.31"," 4.5249"," 2.8e-01","103.5"," 17.4"
"Brian Gionta","59","12.501","15.52"," 44.3"," 27.57"," 6.2536"," 3.1e-01","125.7"," 40.6"
"Matt Read","61","10.172","12.95"," 70.4"," 42.99"," 4.2056"," 3.4e-01"," 98.2"," 27.9"
"Craig Smith","64","13.614","16.55"," 74.5"," 21.48"," 6.6433"," 3.2e-01","143.4"," 64.7"
"Kevin Bieksa","59"," 3.851","12.19","115.6"," 87.30"," 4.3924"," 6.5e-02"," 85.5","  0.0"
"Brooks Orpik","60"," 0.534"," 8.50","164.0","129.47"," 0.5015"," 8.6e-02"," 44.3","  0.0"
"Dennis Wideman","59"," 5.004","17.69"," 50.8"," 86.34"," 8.1644"," 7.4e-02"," 90.4","  0.0"
"Dmitry Kulikov","61"," 3.266","13.69","100.6"," 95.30"," 4.7299"," 1.1e-01"," 79.4","  0.0"
"Marian Gaborik","56","14.466","16.88"," 40.4"," 20.79"," 7.9927"," 2.9e-01","137.3","  7.6"
"Johan Larsson","51"," 6.887"," 9.16"," 80.6"," 25.14"," 2.4744"," 3.0e-01"," 63.6","233.4"
"Curtis Lazar","61"," 6.878"," 9.74"," 95.0"," 34.45"," 0.8631"," 4.3e-01"," 72.0","131.5"
"Marcus Johansson","64","12.225","21.89"," 48.2"," 25.88"," 9.8468"," 2.2e-01","110.7","115.0"
"Michael Raffl","63","10.604","12.11","106.4"," 29.39"," 2.7881"," 3.3e-01","102.4"," 33.9"
"Jaromir Jagr","62","14.808","22.15"," 35.5"," 18.14"," 9.9860"," 1.5e-01","120.2","  0.0"
"Jack Johnson","59"," 4.146","13.07"," 94.4"," 94.24"," 5.2476"," 7.5e-02"," 80.1","  0.0"
"Lars Eller","62","10.036","13.21"," 91.3"," 32.17"," 3.0387"," 4.8e-01","107.5","179.8"
"Matt Cullen","60"," 9.089","14.50"," 41.0"," 31.84"," 4.1654"," 6.7e-01"," 85.6","386.1"
"Patrik Berglund","61","10.977","14.01"," 76.6"," 28.36"," 5.2916"," 3.1e-01","107.3","209.9"
"Ales Hemsky","60","12.509","20.68"," 33.3"," 24.06"," 9.1330"," 2.4e-01","116.1","  8.8"
"John-Michael Liles","61"," 4.339","15.20"," 64.9"," 91.37"," 5.2446"," 2.1e-01"," 82.6","  0.0"
"Brian Boyle","58"," 8.407","10.08"," 94.5"," 37.07"," 1.6725"," 5.7e-01"," 90.4","257.6"
"Tobias Rieder","64","12.389","16.16"," 57.0"," 32.58"," 6.0741"," 4.9e-01","144.0"," 14.0"
"Tomas Tatar","59","13.286","16.63"," 62.1"," 18.15"," 7.9639"," 1.9e-01","119.1"," 11.9"
"Jay Bouwmeester","65"," 4.273","15.19"," 68.6"," 94.85"," 4.7229"," 1.0e-01"," 91.0","  0.0"
"Tommy Wingels","55"," 6.852"," 9.91","152.7"," 42.56"," 2.4880"," 3.1e-01"," 85.8"," 32.6"
"Antoine Roussel","62"," 9.523","11.46"," 98.9"," 42.40"," 2.0605"," 2.7e-01"," 89.0"," 19.8"
"Jamie McGinn","57","11.197","12.25","108.7"," 22.43"," 5.2068"," 2.2e-01","104.4","  9.8"
"Thomas Vanek","59","13.989","19.37"," 27.7"," 17.67"," 9.9957"," 1.6e-01","119.6"," 15.1"
"Nikita Soshnikov","44"," 9.814","10.91","120.6"," 21.68"," 4.9636"," 2.1e-01","117.1","  0.0"
"Nick Holden","58"," 3.087","11.04","141.2"," 82.86"," 2.4116"," 9.1e-02"," 66.4","  0.0"
"Cody Franson","60"," 4.851","16.25"," 75.9"," 65.21"," 7.1361"," 8.1e-02"," 87.2","  0.0"
"Justin Braun","60"," 3.966","13.02"," 76.3"," 99.35"," 2.9983"," 1.7e-01"," 85.5","  0.0"
"Marc Staal","57"," 1.765"," 9.77"," 62.8"," 85.57"," 1.5928"," 1.6e-01"," 52.3","  7.2"
"Anders Lee","54","11.492","14.81","107.4"," 25.77"," 6.4862"," 1.4e-01","114.4","  7.0"
"Mark Letestu","58"," 8.069","13.43"," 56.3"," 26.19"," 4.5979"," 5.5e-01"," 80.4","379.2"
"Lauri Korpikoski","61"," 8.280","10.66"," 89.8"," 43.47"," 2.3418"," 4.1e-01"," 81.4"," 24.6"
"T.J. Brodie","58"," 5.456","19.94"," 27.4"," 84.87"," 7.5239"," 1.3e-01"," 78.4","  0.0"
"Evan Rodrigues","40","15.142","15.02"," 52.8"," 13.56"," 6.2201"," 3.1e-01","140.5","  0.0"
"Matt Dumba","62"," 6.810","14.83"," 67.4"," 52.65"," 6.9047"," 3.8e-02","107.9","  0.0"
"Mathieu Perreault","57"," 9.890","18.29"," 69.6"," 28.90"," 7.9430"," 1.1e-01","100.1","114.1"
"Nikolaj Ehlers","63","13.294","17.74"," 32.6"," 19.60"," 8.4256"," 1.3e-01","136.2","  0.0"
"Matt Martin","55"," 5.117"," 5.57","223.0"," 23.70"," 0.8434"," 2.0e-01"," 58.4","  7.8"
"Cal Clutterbuck","54"," 6.204"," 5.04","184.4"," 27.39","-0.1871"," 5.0e-01"," 62.8","  8.1"
"Max Domi","67","13.443","22.77"," 34.2"," 20.23","10.4621"," 1.2e-01","127.9"," 23.1"
"Matt Hendricks","57"," 4.277"," 6.80","139.8"," 51.88","-0.1071"," 4.6e-01"," 55.4","170.8"
"Kevin Klein","56"," 3.558","11.36"," 91.6","112.16"," 1.7158"," 1.3e-01"," 63.4","  0.0"
"Peter Holland","56"," 9.839","15.06"," 73.9"," 21.77"," 6.4277"," 2.5e-01","103.5","184.2"
"Freddie Hamilton","45"," 7.219"," 9.89"," 91.4"," 24.89"," 2.5397"," 1.5e+00"," 70.2","117.7"
"Marco Scandella","58"," 5.133","13.14"," 63.4"," 82.38"," 3.9570"," 1.6e-01"," 91.8","  0.0"
"Oscar Klefbom","52"," 5.300","13.50"," 45.3"," 97.56"," 4.6136"," 1.5e-01"," 82.8","  0.0"
"Kris Versteeg","58","12.022","16.32"," 31.3"," 25.55"," 6.8066"," 3.2e-01","114.1"," 18.6"
"Marcus Foligno","55"," 7.082"," 9.98","133.9"," 33.12"," 1.8112"," 3.9e-01"," 63.8"," 17.4"
"Zemgus Girgensons","59"," 7.530","10.77","106.9"," 36.54"," 2.0978"," 4.2e-01"," 88.7","147.1"
"Jannik Hansen","61","12.863","14.51"," 52.9"," 21.71"," 3.5849"," 5.3e-01","108.5"," 12.5"
"Eric Fehr","53"," 7.543"," 8.33"," 60.0"," 37.85"," 1.0769"," 6.2e-01"," 75.4"," 89.3"
"David Desharnais","58"," 8.961","17.50"," 37.9"," 26.53"," 6.3693"," 2.5e-01"," 77.4","340.3"
"J.T. Miller","55"," 9.417","12.27","110.7"," 33.53"," 3.6544"," 2.6e-01"," 92.8"," 56.7"
"Alexei Emelin","53"," 1.950"," 6.77","171.6"," 82.87"," 1.2160"," 9.9e-02"," 46.2","  0.0"
"Trevor Daley","64"," 5.672","15.97"," 45.9"," 69.26"," 6.0439"," 9.5e-02"," 96.8","  0.0"
"Vincent Lecavalier","53"," 8.801","13.47"," 61.8"," 25.28"," 5.7616"," 2.2e-01"," 79.7","322.8"
"Dan Boyle","57"," 4.866","15.68"," 53.7"," 79.77"," 7.4527"," 3.0e-04"," 77.9","  0.0"
"Lance Bouma","56"," 5.148"," 6.50","138.3"," 50.08"," 0.3598"," 2.4e-01"," 60.6"," 14.5"
"Karl Alzner","58"," 1.549"," 9.73"," 95.1","128.66"," 1.1890"," 1.3e-01"," 55.0","  0.0"
"Ryan Spooner","53"," 9.969","18.85"," 43.1"," 18.17"," 9.1183"," 2.4e-01","102.0","184.5"
"Teddy Purcell","60","12.017","18.80"," 37.0"," 17.01"," 8.4521"," 2.1e-01","113.5","  8.9"
"Nail Yakupov","60","10.737","14.64"," 65.6"," 24.43"," 6.2818"," 1.6e-01","114.9","  0.0"
"Brian Campbell","64"," 4.652","18.87"," 35.1"," 69.13"," 7.2831"," 1.5e-01"," 79.5","  0.0"
"Jiri Hudler","63","12.630","20.53"," 37.6"," 13.58"," 8.6555"," 1.4e-01"," 99.1"," 16.8"
"Mattias Ekholm","58"," 4.804","14.41"," 55.5"," 76.34"," 3.9421"," 2.5e-01"," 80.0","  0.0"
"Ron Hainsey","60"," 3.703","12.08"," 71.1"," 90.89"," 3.6553"," 1.2e-01"," 82.1","  0.0"
"Brad Richards","56","10.814","19.03"," 24.4"," 16.83","10.1878"," 1.3e-01","119.9","172.5"
"Brian Flynn","54"," 6.531"," 7.70"," 38.2"," 32.21"," 0.7779"," 5.3e-01"," 69.6","171.4"
"Derek MacKenzie","53"," 5.044"," 8.10","119.8"," 32.39"," 1.3182"," 3.4e-01"," 56.4","301.3"
"Brad Richardson","57"," 7.582","12.25"," 54.0"," 35.54"," 2.8154"," 4.8e-01"," 79.7","297.1"
"Kevin Connauton","58"," 4.739","12.00"," 91.7"," 60.38"," 3.6768"," 1.1e-01"," 90.0","  0.0"
"Alex Killorn","63","11.189","16.88"," 68.9"," 24.28"," 5.7977"," 2.8e-01","116.6"," 31.6"
"Dennis Seidenberg","56"," 1.960"," 9.86","107.1","101.23"," 1.7503"," 9.7e-02"," 65.6","  0.0"
"Olli Maatta","57"," 4.591","12.72"," 72.2"," 77.69"," 3.4309"," 1.5e-01"," 79.9","  0.0"
"Kevan Miller","56"," 2.346"," 9.45","121.7"," 92.74"," 1.2672"," 1.2e-01"," 57.0","  0.0"
"Niklas Kronwall","57"," 3.308","16.07"," 78.1"," 73.67"," 7.4310","-6.0e-02"," 62.5","  0.0"
"Jori Lehtera","63"," 8.053","16.94"," 39.1"," 22.95"," 5.4385"," 2.4e-01"," 71.8","376.1"
"Alex Burrows","61","10.047","11.50"," 69.7"," 27.52"," 3.3245"," 3.5e-01","101.7"," 16.5"
"Mike Ribeiro","59"," 8.016","21.90"," 47.6"," 20.52"," 9.5512"," 6.8e-02"," 66.8","227.1"
"Jaccob Slavin","59"," 4.022","14.24"," 40.1"," 99.37"," 4.1702"," 9.4e-02"," 82.8","  0.0"
"Darnell Nurse","53"," 2.912"," 8.84","119.2"," 74.80"," 1.8410"," 1.2e-01"," 76.2","  0.0"
"Brayden McNabb","59"," 1.795"," 9.89","141.6"," 73.52"," 1.8019"," 8.4e-02"," 60.3","  0.0"
"Jacob Josefson","54"," 6.293","11.53"," 65.5"," 35.41"," 4.5497"," 3.1e-01"," 73.9","271.7"
"Ben Hutton","64"," 4.095","16.38"," 39.0"," 81.28"," 5.6921"," 4.4e-02"," 89.7","  0.0"
"Micheal Ferland","55"," 7.105"," 9.01","144.9"," 19.60"," 2.1704"," 2.2e-01"," 87.9"," 10.8"
"Andrew Cogliano","64"," 8.511","12.85","100.3"," 28.46"," 2.5954"," 5.2e-01"," 95.1"," 39.3"
"Noah Hanifin","65"," 4.714","14.28"," 56.5"," 65.85"," 5.0382"," 3.7e-02"," 96.9","  0.0"
"Joffrey Lupul","56","11.367","11.80"," 75.3"," 21.21"," 5.3605"," 1.3e-01","111.0","  0.0"
"Tanner Pearson","55","10.109","12.28"," 77.1"," 25.45"," 3.6408"," 2.3e-01"," 94.3"," 11.4"
"Dan Hamhuis","63"," 3.310","12.89"," 75.3"," 80.36"," 3.5881"," 9.1e-02"," 76.9","  0.0"
"Mark Arcobello","53"," 8.431","10.24"," 68.9"," 17.90"," 3.3133"," 3.7e-01"," 92.4","312.4"
"Christian Ehrhoff","59"," 4.692","14.97"," 55.2"," 53.99"," 7.3438"," 1.3e-02"," 92.2","  0.0"
"J.T. Brown","59"," 8.064"," 9.43"," 84.8"," 31.79"," 2.1874"," 2.8e-01"," 94.5"," 21.2"
"Ryan Murray","56"," 3.113","13.83"," 44.4","104.39"," 5.0052"," 4.7e-02"," 63.7","  0.0"
"Michael McCarron","43"," 5.344"," 4.26"," 95.9"," 16.17"," 0.6200"," 2.4e-01"," 75.4","175.0"
"Jimmy Hayes","54"," 9.335","11.46"," 92.7"," 16.83"," 3.8821"," 2.2e-01"," 89.1"," 30.7"
"Dmitry Orlov","68"," 4.459","13.95"," 93.7"," 57.16"," 2.9123"," 7.6e-03"," 77.4","  0.0"
"Jason Zucker","51","10.082"," 9.88"," 65.6"," 25.01"," 2.5994"," 4.2e-01","105.4","  6.6"
"Nate Thompson","55"," 3.695"," 5.50","112.1"," 44.03","-0.8526"," 4.5e-01"," 49.7","261.3"
"Linden Vey","53"," 6.594","12.57"," 18.7"," 15.11"," 4.2933"," 1.8e-01"," 55.0","222.3"
"Calle Jarnkrok","60"," 9.396","14.32"," 39.6"," 23.12"," 3.6084"," 4.2e-01"," 87.3","257.5"
"Riley Sheahan","55"," 8.121","12.18"," 57.1"," 29.38"," 3.3300"," 4.1e-01"," 80.6","218.6"
"Justin Schultz","59"," 4.332","15.03"," 43.4"," 71.23"," 6.4811"," 1.3e-02"," 76.9","  0.0"
"Johnny Oduya","62"," 1.438","10.43"," 64.7","116.73"," 1.0313"," 2.3e-01"," 53.8","  0.0"
"Joonas Donskoi","63","10.250","16.08"," 30.4"," 31.49"," 5.6505"," 1.4e-01"," 94.5","  8.9"
"Matt Hunwick","55"," 2.184"," 8.99","105.7"," 86.12"," 1.6990"," 7.0e-02"," 63.2","  0.0"
"John Moore","57"," 3.622","11.54"," 77.0"," 68.98"," 3.5592"," 8.3e-02"," 77.2","  0.0"
"Oscar Lindberg","52"," 7.610","11.41","102.2"," 26.60"," 3.1163"," 2.5e-01"," 79.6","101.9"
"Brenden Dillon","55"," 2.050"," 7.74","115.2"," 71.64"," 1.5023"," 1.9e-01"," 62.3","  0.0"
"Shawn Horcoff","57"," 6.315","11.64"," 60.1"," 27.45"," 2.8561"," 3.6e-01"," 64.2","321.0"
"Alex Tanguay","58"," 8.899","18.25"," 29.5"," 29.40"," 7.2933"," 1.2e-01"," 66.8"," 13.1"
"Pascal Dupuis","54"," 7.403"," 7.08"," 98.8"," 35.00"," 1.0865"," 2.5e-01"," 79.9"," 15.2"
"Phil Di Giuseppe","49"," 7.677"," 8.55","121.9"," 23.13"," 1.7962"," 1.9e-01"," 76.7"," 13.5"
"Vernon Fiddler","60"," 7.328","10.97"," 43.0"," 30.34"," 1.4014"," 5.4e-01"," 73.3","320.0"
"David Pastrnak","55","11.903","12.54"," 60.1"," 18.19"," 3.7458"," 1.7e-01","109.2","  0.0"
"Ryan White","50"," 5.190"," 7.05","133.5"," 35.18"," 0.9603"," 2.2e-01"," 58.5","117.3"
"Matt Calvert","54"," 8.404","10.49"," 74.0"," 32.41"," 2.2744"," 2.5e-01"," 80.2"," 10.6"
"Teuvo Teravainen","52"," 8.799","12.26"," 29.4"," 21.74"," 4.4670"," 2.2e-01"," 86.1"," 91.6"
"Milan Michalek","54"," 9.097","11.73"," 54.2"," 30.73"," 4.5794"," 1.8e-01"," 83.1","  9.7"
"David Schlemko","51"," 4.153","12.57"," 48.4"," 68.61"," 5.7894"," 7.2e-02"," 74.5","  0.0"
"Ryan Strome","59"," 8.941","14.53"," 70.0"," 21.64"," 4.8257"," 2.2e-01","103.5"," 61.6"
"Joe Colborne","52"," 8.246","14.56"," 88.0"," 24.94"," 4.3454"," 2.1e-01"," 70.2"," 80.3"
"Ryan Garbutt","55"," 6.921"," 6.45","113.4"," 23.99"," 0.6055"," 4.1e-01"," 83.6","  9.8"
"Andre Burakovsky","61","11.132","14.13"," 37.8"," 19.63"," 4.1034"," 1.9e-01"," 96.9"," 28.0"
"Nikolay Kulemin","57"," 6.917"," 8.79"," 84.3"," 35.69"," 1.4945"," 2.5e-01"," 66.8"," 23.3"
"Steven Kampfer","43"," 2.759"," 5.73"," 63.8"," 60.70"," 0.9676"," 1.1e-01"," 49.9","  5.8"
"Ben Lovejoy","51"," 1.942"," 7.15","112.9"," 78.77"," 1.2639"," 9.6e-02"," 59.5","  0.0"
"Sam Bennett","52"," 8.713","15.15"," 70.8"," 22.87"," 5.1521"," 1.4e-01"," 79.7"," 99.9"
"Chris Wagner","45"," 4.245"," 4.58"," 95.4"," 25.84"," 0.2662"," 1.9e-01"," 47.6","149.2"
"Zach Sill","45"," 4.139"," 6.72"," 91.5"," 27.36"," 1.6135"," 2.1e-01"," 44.0","127.1"
"Viktor Stalberg","55"," 7.681"," 7.59","103.2"," 26.85"," 1.3326"," 2.1e-01"," 85.0","  7.9"
"Alexander Burmistrov","65"," 6.866","10.50"," 94.5"," 26.28"," 1.1260"," 2.1e-01"," 82.8","160.8"
"Eric Gryba","54"," 0.745"," 6.59","132.7"," 79.65"," 0.5712"," 8.6e-02"," 52.7","  0.0"
"Torrey Mitchell","59"," 6.275"," 9.13"," 68.1"," 33.72"," 0.8806"," 4.7e-01"," 62.3","249.9"
"Sergey Kalinin","61"," 6.124"," 6.96","103.9"," 21.03"," 0.3928"," 1.4e-01"," 60.2","104.9"
"Jake Virtanen","55"," 7.970"," 7.30","116.0"," 20.12"," 1.1224"," 2.0e-01"," 90.4","  8.3"
"Brendan Leipsic","38"," 7.094","10.72"," 67.2"," 30.63"," 4.9190"," 1.3e-01"," 70.1"," 16.2"
"Josh Gorges","56"," 0.470"," 7.54","100.6","111.29"," 0.5319"," 6.9e-02"," 42.7","  0.0"
"Taylor Fedun","29"," 3.876","12.24"," 73.0"," 74.14"," 3.7023"," 9.6e-02"," 41.6","  0.0"
"Phillip Danault","46"," 5.023"," 6.71"," 49.0"," 22.74"," 1.1285"," 2.4e-01"," 54.4","201.1"
"Erik Gudbranson","55"," 1.259"," 6.82","127.8"," 68.55"," 1.0047"," 9.5e-02"," 58.7","  0.0"
"Nick Spaling","57"," 4.766"," 8.98"," 70.1"," 41.61"," 1.0346"," 2.8e-01"," 54.2","259.1"
"Patrick Maroon","52"," 7.894","10.18","105.7"," 14.20"," 3.5807"," 1.6e-01"," 75.1"," 16.5"
"Dominic Moore","61"," 5.608"," 8.99"," 54.1"," 30.33"," 0.9051"," 3.9e-01"," 66.4","345.6"
"Devante Smith-Pelly","52"," 8.208"," 9.91"," 91.2"," 22.26"," 2.2670"," 2.9e-01"," 74.6","  8.3"
"Niklas Hjalmarsson","59"," 2.629","12.30"," 37.6","101.23"," 2.1777"," 1.3e-01"," 63.4","  0.0"
"Michal Rozsival","59"," 1.798","12.05"," 90.3"," 75.43"," 2.9290"," 2.9e-02"," 52.4","  0.0"
"Marek Zidlicky","57"," 2.900","14.83"," 50.1"," 73.68"," 5.8160","-9.8e-03"," 58.1","  0.0"
"Valeri Nichushkin","59"," 8.463","12.07"," 63.4"," 26.58"," 3.1755"," 1.9e-01"," 93.5","  0.0"
"Andrew MacDonald","52"," 2.006","11.38"," 35.7","115.93"," 2.8210"," 9.7e-02"," 49.9","  0.0"
"Colin Wilson","59"," 8.782","14.69"," 63.8"," 27.48"," 4.2424"," 1.8e-01"," 94.3"," 30.6"
"Joel Edmundson","58"," 1.514"," 6.81","132.4"," 58.16"," 0.8068"," 5.1e-02"," 69.0","  0.0"
"Paul Gaustad","55"," 3.191"," 6.04"," 94.9"," 31.40","-0.5887"," 3.3e-01"," 41.3","369.7"
"Darren Helm","53"," 7.588"," 9.52"," 89.4"," 23.21"," 2.3732"," 3.2e-01"," 92.0"," 80.5"
"Adam Cracknell","44"," 5.247"," 5.54"," 97.6"," 23.46"," 0.7566"," 1.9e-01"," 51.5","107.5"
"Jason Garrison","53"," 2.800"," 8.74"," 73.0"," 78.41"," 2.3715"," 1.0e-01"," 66.1","  0.0"
"R.J. Umberger","55"," 7.178"," 9.88"," 79.2"," 24.42"," 2.5171"," 1.6e-01"," 76.0"," 31.9"
"Emerson Etem","49"," 6.933"," 7.40"," 80.3"," 34.71"," 1.4718"," 2.7e-01"," 76.3","  7.3"
"Tomas Fleischmann","57"," 9.642","11.96"," 41.2"," 18.47"," 3.3138"," 3.4e-01"," 91.4"," 26.5"
"Mike Richards","51"," 4.974"," 9.67"," 57.0"," 27.52"," 2.8343"," 3.9e-01"," 56.1","307.6"
"Josh Bailey","58"," 8.661","12.54"," 43.6"," 21.99"," 3.6829"," 1.9e-01"," 78.4"," 45.6"
"Gabriel Bourque","50"," 4.164"," 5.38","117.9"," 45.36"," 0.1447"," 1.2e-01"," 52.1","  0.0"
"Mikhail Grabovski","54"," 8.198","13.63"," 36.4"," 26.37"," 3.8814"," 2.2e-01"," 78.7","214.3"
"Viktor Arvidsson","52"," 9.215","10.13"," 38.7"," 30.00"," 3.1958"," 2.3e-01","107.3","  0.0"
"Derek Dorsett","54"," 5.566"," 7.12","102.9"," 33.29"," 0.8688"," 2.4e-01"," 65.5"," 10.1"
"Adam Larsson","53"," 0.869"," 8.00","102.8"," 91.58"," 0.8671"," 7.0e-02"," 44.6","  0.0"
"Mike Weber","52"," 0.886"," 6.48","124.4"," 75.91"," 0.7350"," 9.7e-02"," 45.6","  0.0"
"Patrick Sieloff","31"," 9.796"," 7.91"," 79.8"," 54.86"," 2.0244"," 8.1e-03"," 39.5","  0.0"
"Andrej Nestrasil","56","10.179","13.11"," 38.8"," 15.50"," 4.0959"," 2.3e-01","102.0"," 20.2"
"Cody McLeod","59"," 5.432"," 4.65","154.7"," 24.46","-0.9088"," 1.7e-01"," 59.0","  7.9"
"Dave Bolland","51"," 5.132"," 9.97"," 71.1"," 22.41"," 2.8763"," 2.2e-01"," 53.7","307.4"
"Matt Nieto","60"," 8.320"," 9.56"," 41.2"," 30.40"," 1.2807"," 4.8e-01"," 86.0","  8.5"
"Chris Stewart","56"," 9.041","11.74"," 74.4"," 15.53"," 4.1652"," 1.4e-01"," 83.3"," 10.2"
"Patrik Elias","51"," 8.771","15.02"," 34.3","  9.76"," 6.5130"," 1.3e-01"," 77.9"," 56.1"
"Brett Connolly","50"," 6.864"," 8.43"," 89.2"," 25.53"," 2.2970"," 1.5e-01"," 70.7"," 22.1"
"Radek Faksa","52"," 6.717"," 9.31"," 54.3"," 32.35"," 1.5397"," 2.4e-01"," 77.3","218.6"
"Jay Beagle","50"," 6.101"," 9.19"," 61.8"," 24.69"," 1.9251"," 3.4e-01"," 62.8","275.4"
"Deryk Engelland","54"," 1.344"," 8.21"," 92.4"," 82.69"," 1.1919"," 9.4e-02"," 50.8","  0.0"
"Patrick Eaves","52"," 8.446"," 8.95"," 71.5"," 21.58"," 3.3625"," 2.1e-01"," 83.0","  9.2"
"Brendan Smith","57"," 3.180","11.00"," 84.3"," 50.30"," 2.5921"," 5.8e-02"," 68.7","  0.0"
"Colton Sceviour","52"," 7.800","12.17"," 61.1"," 37.39"," 3.3294"," 1.8e-01"," 82.3"," 17.5"
"Brandon Pirri","49"," 9.121","12.50"," 58.5"," 17.72"," 5.4086"," 1.5e-01"," 91.7"," 82.5"
"Brandon Davidson","48"," 3.052"," 8.27"," 69.4"," 80.02"," 1.7004"," 9.5e-02"," 60.4","  0.0"
"Chris Tierney","60"," 6.952","12.26"," 28.9"," 28.68"," 1.9961"," 4.1e-01"," 73.2","257.3"
"Nick Shore","55"," 5.239"," 8.88"," 79.0"," 17.50"," 1.5275"," 2.6e-01"," 68.5","285.0"
"Tanner Glass","53"," 3.439"," 2.91","183.4"," 23.18","-0.9160"," 1.1e-01"," 41.9"," 12.8"
"Simon Despres","46"," 1.845"," 6.48"," 92.1"," 89.36"," 1.0055"," 7.4e-02"," 45.0","  0.0"
"Gustav Nyquist","55"," 9.929","15.15"," 49.1"," 18.61"," 6.6341"," 8.2e-02","102.1","  0.0"
"Sam Reinhart","55","10.872","14.42"," 31.4"," 20.25"," 5.7768"," 1.9e-01","104.1"," 42.1"
"Melker Karlsson","53"," 7.739"," 7.52"," 66.7"," 34.89"," 1.0231"," 1.8e-01"," 76.5"," 15.1"
"Thomas Hickey","57"," 2.336"," 9.45"," 69.2"," 83.55"," 1.4604"," 9.6e-02"," 54.5","  0.0"
"Ben Smith","43"," 5.417"," 6.38"," 42.9"," 29.22"," 0.4932"," 1.8e-01"," 41.0","161.8"
"Johan Franzen","46"," 7.338","12.53"," 54.3"," 16.75"," 9.5036","-7.0e-02"," 71.2","  0.0"
"Colin Miller","51"," 3.988","13.24"," 53.0"," 47.08"," 5.1793","-5.8e-03"," 71.3","  0.0"
"Brad Boyes","56"," 9.076","13.61"," 31.5"," 19.27"," 4.9352"," 1.4e-01"," 84.2"," 28.4"
"Daniel Winnik","58"," 6.568"," 8.45"," 56.5"," 34.82"," 1.1806"," 2.7e-01"," 74.4"," 20.5"
"Andy Greene","57"," 1.503"," 9.70"," 57.4"," 98.69"," 1.5853"," 6.6e-02"," 49.9","  0.0"
"Rene Bourque","53"," 6.695"," 6.83"," 87.1"," 23.48"," 1.4075"," 2.7e-01"," 76.5","  9.3"
"Brian Dumoulin","42"," 3.030"," 6.96"," 48.2"," 42.92"," 1.7220"," 9.7e-02"," 47.0","  5.3"
"Joonas Kemppainen","48"," 3.539"," 4.29"," 41.2"," 17.43","-0.8338"," 4.3e-01"," 38.9","236.2"
"Marc Methot","53"," 1.457"," 7.48"," 99.5"," 71.35"," 1.0711"," 7.2e-02"," 49.8","  0.0"
"Tom Kuhnhackl","48"," 5.588"," 7.57"," 65.7"," 31.31"," 0.8206"," 6.0e-01"," 59.0","  0.0"
"Josh Manson","53"," 1.982"," 7.10","110.9"," 55.41"," 1.0819"," 5.5e-02"," 58.2","  0.0"
"Max McCormick","41"," 5.492"," 4.78"," 86.7"," 19.98"," 0.7201"," 1.9e-01"," 67.6"," 79.0"
"Beau Bennett","48"," 7.552"," 9.47"," 89.9"," 14.31"," 3.2997"," 1.5e-01"," 72.3","  8.1"
"Chris Wideman","58"," 4.001"," 9.20"," 53.5"," 64.07"," 1.7847"," 4.8e-02"," 78.5","  0.0"
"Boyd Gordon","54"," 3.444"," 6.48"," 31.9"," 39.59","-0.4528"," 4.6e-01"," 44.0","401.2"
"Jordie Benn","53"," 1.704"," 9.53"," 77.1"," 77.63"," 1.4253"," 5.8e-02"," 49.1","  0.0"
"Damon Severson","58"," 3.293","12.80"," 54.6"," 43.43"," 4.2581"," 4.4e-03"," 75.9","  0.0"
"David Jones","51"," 6.817"," 6.80"," 93.3"," 24.38"," 0.7553"," 2.1e-01"," 62.9"," 16.7"
"Cedric Paquette","48"," 3.918"," 5.90","110.3"," 31.63","-0.1664"," 3.6e-01"," 42.6","137.6"
"Zbynek Michalek","55"," 1.167"," 6.87"," 71.2"," 94.10"," 0.6898"," 6.9e-02"," 53.8","  0.0"
"Ian Cole","49"," 2.510"," 7.17"," 79.2"," 79.03"," 1.0717"," 6.0e-02"," 48.6","  0.0"
"Chris VandeVelde","62"," 3.713"," 7.07","105.5"," 41.13","-0.4273"," 3.7e-01"," 61.2"," 11.6"
"Robby Fabbri","61","11.040","15.31"," 47.9"," 10.31"," 5.5946"," 9.4e-02"," 99.3"," 11.9"
"Braydon Coburn","56"," 1.407"," 8.20"," 84.3"," 67.59"," 1.6353"," 6.2e-02"," 57.7","  0.0"
"Stephen Gionta","47"," 4.098"," 4.97"," 68.8"," 22.71","-0.2948"," 1.6e-01"," 38.7","153.0"
"Brett Pesce","60"," 3.486","11.35"," 31.5"," 69.40"," 3.2595"," 1.5e-02"," 74.9","  0.0"
"Danny DeKeyser","54"," 2.036"," 8.71"," 68.1"," 75.27"," 1.5309"," 9.9e-02"," 51.1","  0.0"
"Adam McQuaid","51","-0.042"," 5.82","108.1"," 89.57","-0.0671"," 5.2e-02"," 35.4","  0.0"
"Nathan Beaulieu","50"," 2.411","10.61"," 52.2"," 69.61"," 2.4709"," 7.8e-02"," 59.6","  0.0"
"Matt Stajan","56"," 4.618"," 8.56"," 60.2"," 32.34"," 0.2315"," 3.6e-01"," 42.1","263.9"
"Carl Gunnarsson","56"," 1.464"," 8.87"," 62.5"," 90.16"," 1.0233"," 7.8e-02"," 46.9","  0.0"
"Jesper Fast","51"," 5.511"," 8.44"," 78.6"," 34.29"," 1.3331"," 1.9e-01"," 50.4","  6.7"
"Mark Stuart","53","-0.656"," 4.28","125.5"," 93.77","-0.8583"," 2.4e-02"," 31.8","  0.0"
"Alex Chiasson","55"," 7.567"," 8.19"," 76.6"," 22.62"," 1.1817"," 2.3e-01"," 66.6"," 13.2"
"Frank Vatrano","48"," 8.270"," 6.49"," 77.6"," 26.02"," 1.6244"," 1.8e-01","105.6","  0.0"
"Kyle Clifford","58"," 5.151"," 6.07","119.9"," 17.97"," 0.3654"," 1.8e-01"," 63.1","  9.5"
"Chris Kelly","51"," 3.534"," 6.86"," 62.5"," 51.17","-0.1591"," 5.6e-01"," 34.0","121.9"
"Paul Martin","57"," 1.495","12.24"," 46.3"," 85.23"," 2.9700"," 6.0e-03"," 45.2","  0.0"
"Nicolas Deslauriers","52"," 3.615"," 3.58","146.5"," 25.44","-0.4616"," 1.1e-01"," 49.8","  0.0"
"Jarret Stoll","48"," 2.549"," 6.19"," 70.2"," 37.85"," 0.5536"," 1.8e-01"," 33.2","299.9"
"Evgeny Medvedev","52"," 4.288","10.98"," 45.3"," 43.53"," 3.9293"," 1.5e-02"," 78.3","  0.0"
"Jay McClement","59"," 3.855"," 7.12"," 67.2"," 28.40","-0.4483"," 3.4e-01"," 48.8","294.7"
"Michael Grabner","51"," 7.220"," 6.95"," 40.4"," 32.42"," 0.7948"," 4.4e-01"," 75.7","  8.1"
"Chris Tanev","52"," 1.647"," 9.74"," 27.0","109.51"," 1.3713"," 1.1e-01"," 44.0","  0.0"
"Drew Miller","50"," 3.781"," 3.85"," 75.1"," 50.54","-0.7930"," 1.7e-01"," 48.6","  8.1"
"Zach Trotman","45"," 2.088"," 6.78"," 85.1"," 59.09"," 1.4071"," 9.1e-02"," 58.0","  0.0"
"Chris Thorburn","56"," 4.375"," 5.20"," 99.0"," 25.52","-0.5842"," 2.9e-01"," 47.1"," 44.3"
"Jared Cowen","46"," 0.723"," 3.95","134.2"," 70.33","-0.0986"," 3.0e-02"," 28.5","  0.0"
"Kyle Quincey","49"," 2.447"," 8.39"," 60.5"," 66.12"," 2.0960"," 8.6e-02"," 59.2","  0.0"
"Sven Andrighetto","47"," 7.786"," 8.92"," 70.5"," 18.40"," 2.2732"," 1.6e-01"," 75.8","  9.4"
"Vladislav Namestnikov","53"," 7.451","12.15"," 45.9"," 24.55"," 3.1326"," 2.1e-01"," 70.2","115.2"
"Michael Chaput","44"," 4.640"," 7.34"," 77.2"," 21.08"," 1.3958"," 2.7e-01"," 49.9","238.7"
"Dalton Prout","50"," 1.124"," 6.27","106.5"," 60.20"," 0.8666"," 6.0e-02"," 46.3","  0.0"
"Stephen Johns","38"," 0.998"," 4.77","132.6"," 55.45"," 0.3767"," 3.8e-02"," 35.3","  0.0"
"Ben Chiarot","48"," 0.584"," 6.75"," 95.2"," 70.69"," 0.8371"," 6.8e-02"," 42.8","  0.0"
"Willie Mitchell","53"," 0.636"," 6.63"," 83.3"," 81.92"," 0.4486"," 7.5e-02"," 43.4","  0.0"
"Jordan Martinook","52"," 6.680"," 8.92"," 44.8"," 23.71"," 1.1254"," 3.6e-01"," 71.9"," 16.3"
"Chris Higgins","51"," 6.590"," 6.50"," 40.6"," 27.94"," 0.9734"," 4.2e-01"," 74.7"," 12.0"
"Marcus Kruger","50"," 4.994"," 6.68"," 42.2"," 35.43"," 0.9984"," 2.3e-01"," 51.8","257.2"
"Eric Gelinas","50"," 2.266"," 9.40"," 78.4"," 39.52"," 3.7462","-3.7e-03"," 61.2","  0.0"
"William Karlsson","51"," 5.775"," 8.19"," 37.2"," 28.62"," 1.2573"," 2.4e-01"," 64.8","247.6"
"Riley Nash","52"," 6.159","10.61"," 55.4"," 21.42"," 2.8473"," 1.6e-01"," 62.4","166.9"
"Klas Dahlbeck","49"," 0.722"," 5.31","117.2"," 58.22"," 0.3120"," 4.4e-02"," 42.8","  0.0"
"Nate Schmidt","50"," 1.637"," 7.94"," 57.6"," 75.81"," 1.1460"," 8.5e-02"," 54.4","  0.0"
"Zac Dalpe","41"," 7.549"," 8.22"," 54.5"," 18.11"," 2.7507"," 3.1e-01"," 55.0","175.6"
"Jared McCann","59"," 7.821"," 9.99"," 43.6"," 16.36"," 2.0766"," 1.9e-01"," 89.2","152.4"
"Mark Borowiecki","44","-1.434"," 2.46","168.2"," 68.09","-1.0873","-5.6e-03"," 16.6","  0.0"
"Mattias Janmark","64","10.224","12.54"," 15.7"," 18.01"," 1.8047"," 4.3e-01"," 97.9"," 83.8"
"Buddy Robinson","34"," 6.904"," 7.54","111.3"," 12.30"," 1.9366"," 8.3e-02"," 54.4","  0.0"
"Anthony Duclair","52"," 8.483","13.02"," 27.7"," 17.92"," 5.1611"," 4.1e-02"," 69.9","  0.0"
"Jonathan Drouin","52"," 7.856","12.35"," 47.8","  9.06"," 4.1417"," 1.1e-01"," 65.2"," 24.9"
"Nicklas Grossmann","54"," 0.379"," 5.93","101.2"," 71.70"," 0.1897"," 4.6e-02"," 37.9","  0.0"
"Steve Bernier","51"," 4.681"," 7.12"," 89.7"," 28.73"," 1.3177"," 7.8e-02"," 55.5","  0.0"
"Chris Neil","56"," 4.311"," 4.66","139.9"," 15.94","-0.2657"," 1.1e-01"," 49.5","  7.5"
"Sam Gagner","56"," 7.780","12.36"," 32.0"," 20.70"," 4.0249"," 1.0e-01"," 83.7"," 90.3"
"Richard Panik","48"," 6.383"," 5.92"," 87.8"," 21.47"," 1.0733"," 1.6e-01"," 58.8","  7.1"
"Trevor van Riemsdyk","52"," 1.813"," 7.93"," 35.3"," 88.30"," 0.7871"," 7.5e-02"," 58.4","  0.0"
"Jiri Sekac","54"," 5.485"," 7.56"," 69.6"," 23.71"," 1.3770"," 1.3e-01"," 66.3","  8.5"
"Zack Kassian","50"," 5.119"," 5.58","121.7"," 14.63"," 0.4975"," 1.1e-01"," 53.6","  7.9"
"Connor Brown","36"," 6.670","18.73","  6.7","  9.20","12.9047","-1.3e-01"," 57.9","  0.0"
"Luca Sbisa","49"," 0.539"," 6.76"," 88.5"," 69.74"," 0.7953"," 5.7e-02"," 36.8","  0.0"
"Robert Bortuzzo","47"," 1.020"," 5.06","107.8"," 54.89"," 0.4681"," 4.3e-02"," 44.0","  0.0"
"Mason Raymond","53"," 7.950"," 7.77"," 38.9"," 17.38"," 2.2126"," 2.1e-01"," 85.0"," 12.6"
"Iiro Pakarinen","46"," 4.831"," 5.91","104.9"," 16.35"," 1.0486"," 1.5e-01"," 59.5","  8.7"
"Greg Pateryn","44"," 0.359"," 5.80","109.8"," 60.11"," 0.5716"," 3.9e-02"," 34.0","  0.0"
"Reid Boucher","45"," 7.824","11.14"," 46.6"," 19.41"," 4.4835"," 1.7e-01"," 83.6","  6.3"
"Josh Jooris","53"," 5.174"," 7.91"," 61.6"," 28.97"," 1.1326"," 1.4e-01"," 65.1","118.3"
"Jakub Kindl","52"," 2.933"," 9.38"," 55.0"," 40.17"," 2.4784"," 5.5e-02"," 66.9","  0.0"
"Markus Granlund","46"," 5.210"," 6.85"," 42.5"," 24.58"," 0.4888"," 6.3e-01"," 52.4","188.6"
"Eric Nystrom","51"," 3.715"," 4.92"," 97.0"," 29.24","-0.4871"," 2.7e-01"," 31.4"," 10.8"
"Tom Gilbert","54"," 0.378"," 7.51"," 48.2"," 96.84"," 1.0655"," 2.9e-02"," 40.0","  0.0"
"Max Talbot","48"," 3.397"," 6.63"," 75.4"," 29.94"," 0.2355"," 1.5e-01"," 41.7","196.9"
"Jonathan Marchessault","44"," 7.761","11.78"," 63.2"," 11.95"," 4.5121"," 5.8e-02"," 72.0"," 37.9"
"Brooks Laich","52"," 4.222"," 7.44"," 80.3"," 25.97"," 1.2399"," 1.6e-01"," 58.7"," 96.5"
"Alex Petrovic","44"," 0.467"," 6.79","103.5"," 54.69"," 0.9452"," 5.0e-02"," 34.1","  0.0"
"Shea Theodore","41"," 4.555","11.21"," 17.0"," 46.85"," 4.9400","-8.8e-03"," 62.5","  0.0"
"Erik Gustafsson","48"," 3.846","10.71"," 34.6"," 44.36"," 2.9625"," 4.0e-02"," 64.1","  0.0"
"Marko Dano","46"," 6.395"," 8.04"," 84.5"," 21.08"," 1.4018"," 1.5e-01"," 72.6"," 10.1"
"Dennis Rasmussen","47"," 4.498"," 5.16"," 40.9"," 18.58","-0.0613"," 1.4e-01"," 44.5","147.7"
"Darren Dietz","38"," 1.732"," 7.49"," 99.4"," 42.74"," 1.4443"," 2.2e-02"," 37.6","  0.0"
"Matt Moulson","52"," 7.353"," 9.86"," 39.6"," 18.93"," 3.6072"," 3.8e-02"," 74.0","  0.0"
"Barret Jackman","58"," 0.325"," 6.26"," 83.4"," 72.49"," 0.1144"," 2.3e-02"," 45.3","  0.0"
"Andrew Desjardins","53"," 4.310"," 5.94"," 81.8"," 34.76"," 0.1397"," 1.6e-01"," 58.3"," 54.4"
"Shawn Matthias","51"," 6.473"," 8.76"," 58.6"," 28.97"," 1.6190"," 1.5e-01"," 68.6"," 42.4"
"Magnus Paajarvi","50"," 5.925"," 6.96"," 57.3"," 20.60"," 1.8155"," 1.5e-01"," 76.6","  0.0"
"Jakub Nakladal","45"," 3.062"," 7.04"," 65.1"," 41.41"," 1.6485"," 4.3e-02"," 66.2","  0.0"
"Scottie Upshall","49"," 6.360"," 6.64"," 69.4"," 16.03"," 1.4176"," 1.7e-01"," 71.7"," 14.0"
"Sven Baertschi","45"," 7.532"," 9.37"," 33.1"," 23.15"," 3.1108"," 8.2e-02"," 66.5","  0.0"
"Matt Carle","54"," 1.190"," 9.45"," 39.2"," 77.32"," 2.3667"," 1.3e-02"," 45.2","  0.0"
"Mark Fayne","54"," 0.728"," 6.44"," 56.2"," 78.33"," 0.3590"," 1.1e-01"," 47.3","  0.0"
"Jonathan Ericsson","52"," 1.219"," 7.07"," 90.7"," 46.50"," 0.9369"," 3.8e-02"," 48.3","  0.0"
"Bryan Rust","43"," 5.957"," 6.21"," 64.2"," 21.81"," 0.9792"," 1.9e-01"," 72.9","  5.9"
"Mike Brown","48"," 2.835"," 2.61","133.3"," 23.70","-0.9089"," 1.2e-01"," 39.0","  8.1"
"Andreas Martinsen","51"," 3.324"," 5.06","131.9"," 24.30","-0.3069"," 9.3e-02"," 47.3","  6.8"
"Yannick Weber","44"," 3.076"," 8.45"," 52.2"," 42.08"," 3.8570","-6.5e-04"," 55.2","  0.0"
"Nick Ritchie","44"," 4.547"," 3.39","112.7"," 13.61"," 0.0581"," 1.5e-01"," 64.2","  6.3"
"Clayton Stoner","50","-0.159"," 4.91","114.4"," 61.33","-0.1782"," 1.1e-02"," 32.9","  0.0"
"David Dziurzynski","36"," 3.168"," 4.56","125.5"," 17.31"," 0.3096"," 9.6e-02"," 35.9"," 11.5"
"Zach Hyman","39"," 7.475"," 6.41"," 74.0"," 18.67"," 1.5599"," 1.8e-01"," 82.1","  6.9"
"Logan Shaw","52"," 5.920"," 4.84"," 81.2"," 17.52","-0.0317"," 1.5e-01"," 69.7"," 20.7"
"Brandon Bollig","50"," 3.262"," 3.54","107.8"," 25.03","-0.4744"," 1.4e-01"," 44.4","  7.3"
"Jonas Brodin","55"," 0.979"," 7.10"," 42.1"," 85.86"," 0.7669"," 5.1e-02"," 47.0","  0.0"
"Jacob De La Rose","36"," 3.179"," 2.17"," 63.6"," 26.45","-0.4537"," 2.1e-01"," 31.2","102.7"
"Nathan Gerbe","49"," 6.286"," 6.38"," 59.8"," 14.96"," 1.1439"," 2.1e-01"," 77.8","  8.0"
"Jiri Tlusty","51"," 5.423"," 6.36"," 69.2"," 24.26"," 1.2248"," 6.0e-02"," 61.3","  0.0"
"Jordin Tootoo","55"," 5.288"," 6.05"," 86.0"," 18.94"," 0.9814"," 6.7e-02"," 68.7","  0.0"
"Gregory Campbell","53"," 2.747"," 5.47"," 73.0"," 35.99","-0.6385"," 2.0e-01"," 39.7","154.1"
"Austin Watson","51"," 4.166"," 5.03"," 65.9"," 33.26","-0.2632"," 1.2e-01"," 49.9"," 10.9"
"Stefan Elliott","41"," 4.201"," 8.39"," 37.2"," 41.79"," 2.2890"," 5.5e-02"," 62.3","  0.0"
"Scott Laughton","50"," 4.673"," 7.51"," 66.3"," 21.74"," 0.9059"," 1.7e-01"," 58.6","128.5"
"Dmitrij Jaskin","45"," 4.780"," 5.58"," 90.7"," 15.84"," 0.8666"," 1.6e-01"," 56.6","  9.8"
"Tim Schaller","38"," 3.421"," 4.40"," 38.2"," 19.10","-0.0275"," 4.8e-01"," 39.7"," 95.1"
"Adam Clendening","43"," 2.349"," 8.48"," 36.3"," 52.19"," 2.4625"," 6.0e-02"," 56.3","  0.0"
"Adam Pardy","45"," 1.520"," 6.12"," 67.7"," 62.49"," 1.0128"," 4.2e-02"," 37.3","  0.0"
"Ladislav Smid","42"," 1.368"," 5.16"," 77.4"," 62.41"," 0.8564"," 3.5e-02"," 34.0","  0.0"
"Toby Enstrom","61"," 1.609","10.26"," 27.3"," 76.75"," 0.9851","-3.9e-03"," 51.0","  0.0"
"Patrick Wiercioch","47"," 2.326"," 7.37"," 51.9"," 52.86"," 2.4445"," 7.2e-03"," 48.3","  0.0"
"Tyler Kennedy","53"," 6.574","10.38"," 48.0"," 15.27"," 3.1892"," 1.3e-01"," 83.2"," 28.7"
"Ryan Murphy","43"," 3.654"," 8.97"," 36.8"," 37.02"," 2.9209"," 6.4e-02"," 56.3","  0.0"
"Cody Hodgson","52"," 6.543"," 9.35"," 43.4"," 14.97"," 2.2185"," 1.5e-01"," 78.9"," 97.9"
"Jason Dickinson","33","14.166"," 9.67","  9.6"," 16.52"," 3.3175"," 1.4e-01"," 71.9"," 34.7"
"Joe Morrow","43"," 2.503"," 7.63"," 42.0"," 48.72"," 1.9658"," 5.9e-02"," 58.9","  0.0"
"Ryan Carter","51"," 3.863"," 5.34"," 80.3"," 31.79","-0.5610"," 2.7e-01"," 49.6"," 46.5"
"Brandon Manning","45"," 1.018"," 6.12"," 77.5"," 50.49"," 0.8530"," 3.9e-02"," 46.7","  0.0"
"Brett Ritchie","36"," 4.171"," 2.48","119.1"," 14.06"," 0.4283"," 9.1e-02"," 55.6","  0.0"
"Alex Biega","39"," 1.807"," 4.55"," 96.7"," 36.85"," 0.8811"," 5.0e-02"," 40.3","  0.0"
"Jyrki Jokipakka","52"," 0.798"," 7.42"," 65.5"," 62.43"," 0.7059"," 1.5e-02"," 41.2","  0.0"
"Connor Carrick","41"," 2.286"," 6.15"," 74.8"," 42.30"," 1.3366"," 4.0e-03"," 46.4","  0.0"
"Byron Froese","52"," 3.532"," 4.95"," 50.3"," 20.02","-0.3422"," 1.9e-01"," 53.7","272.1"
"Joakim Nordstrom","48"," 4.738"," 6.98"," 73.4"," 24.73"," 0.5803"," 3.0e-01"," 56.9"," 11.2"
"Patrik Nemeth","41"," 1.898"," 6.58"," 63.9"," 51.47"," 1.3581"," 5.1e-02"," 37.1","  0.0"
"Matt Bartkowski","47"," 1.296"," 6.51"," 85.5"," 36.77"," 1.0468"," 3.6e-02"," 43.5","  0.0"
"Brian Strait","44"," 0.289"," 4.98"," 87.7"," 58.21"," 0.2439"," 3.1e-02"," 33.5","  0.0"
"Oliver Bjorkstrand","37"," 8.565"," 9.11"," 32.0"," 14.32"," 2.5892"," 1.1e-01"," 72.4","  0.0"
"Nikita Nesterov","48"," 1.735"," 6.79"," 77.3"," 35.26"," 1.6622","-2.4e-02"," 49.9","  0.0"
"Jake McCabe","44"," 0.549"," 6.11"," 70.9"," 62.80"," 0.6285"," 3.9e-02"," 31.8","  0.0"
"David Clarkson","47"," 4.857"," 4.30"," 88.7"," 16.36"," 0.3000"," 1.0e-01"," 54.0"," 11.0"
"Garnet Hathaway","31"," 2.534"," 3.23"," 98.2"," 30.74"," 0.0793"," 9.1e-02"," 25.3","  5.8"
"Martin Havlat","43"," 8.270"," 9.46"," 21.1"," 17.58"," 4.0806"," 1.2e-01"," 56.6","  0.0"
"Jon Merrill","54"," 0.542"," 7.25"," 60.7"," 65.37"," 0.5795"," 5.8e-03"," 38.8","  0.0"
"Fedor Tyutin","52","-0.897"," 4.64","100.0"," 64.67","-0.0438","-2.5e-02"," 26.7","  0.0"
"Frank Corrado","42"," 1.855"," 6.50"," 56.6"," 45.92"," 1.1700"," 6.9e-02"," 48.2","  0.0"
"Ryan Reaves","50"," 2.037"," 1.93","152.5"," 14.91","-1.5230"," 7.7e-02"," 24.8","  6.8"
"Dwight King","48"," 5.294"," 5.77"," 78.5"," 12.54"," 0.5123"," 1.5e-01"," 49.0","  7.4"
"Nick Cousins","45"," 5.103"," 7.18"," 51.7"," 21.04"," 1.0534"," 1.7e-01"," 50.6","126.0"
"Jamie McBain","49"," 2.062"," 9.44"," 31.5"," 50.58"," 3.4795","-3.4e-02"," 45.1","  0.0"
"Zac Rinaldo","51"," 0.938"," 2.96","149.8"," 21.31","-0.9990"," 4.1e-02"," 30.5","  0.0"
"Brad Stuart","41"," 1.450"," 5.19"," 73.8"," 50.19"," 1.2030"," 1.6e-03"," 35.3","  0.0"
"Joel Hanley","33"," 2.597","10.28"," 20.6"," 55.35"," 2.7874"," 4.7e-02"," 34.9","  0.0"
"Mikhail Grigorenko","47"," 5.003"," 9.59"," 27.0"," 25.01"," 2.0826"," 1.5e-01"," 57.5","109.0"
"Anton Lander","47"," 2.656"," 5.34"," 53.8"," 18.72"," 0.3071"," 2.3e-01"," 38.5","248.9"
"Nikita Tryamkin","36"," 0.916"," 3.83"," 79.2"," 58.71","-0.0209"," 3.0e-02"," 31.9","  0.0"
"Dylan McIlrath","39"," 0.523"," 3.77"," 98.1"," 46.53"," 0.1818"," 2.8e-02"," 28.6","  0.0"
"Miikka Salomaki","36"," 5.034"," 2.89"," 97.6"," 17.64","-0.6111"," 8.5e-02"," 44.4","  5.1"
"Bryan Bickell","45"," 3.975"," 2.67","100.1"," 19.36","-0.6385"," 6.7e-02"," 35.9","  8.0"
"Carlo Colaiacovo","46"," 0.919"," 7.95"," 51.4"," 55.19"," 1.5641","-5.1e-03"," 37.7","  0.0"
"Kyle Brodziak","51"," 3.315"," 4.86"," 44.0"," 26.85","-1.0390"," 3.8e-01"," 38.0","200.4"
"Jamie Oleksiak","36"," 0.508"," 3.22"," 94.3"," 54.22"," 0.0616"," 2.5e-02"," 22.4","  0.0"
"Bracken Kearns","28"," 3.365"," 7.60"," 64.2"," 23.71"," 1.7210"," 1.2e-01"," 27.4","107.4"
"Viktor Tikhonov","49"," 4.054"," 4.71"," 52.2"," 20.59","-0.0972"," 8.7e-02"," 45.2"," 46.8"
"Alexander Semin","45"," 6.268"," 9.14"," 27.3"," 15.47"," 3.1246"," 9.6e-02"," 60.0","  8.2"
"Nick Paul","39"," 3.878"," 4.18"," 66.8"," 13.87"," 0.0884"," 1.1e-01"," 43.7"," 51.8"
"David Warsofsky","40"," 2.795"," 6.71"," 22.1"," 44.41"," 2.1133"," 4.9e-02"," 62.9","  0.0"
"Teemu Pulkkinen","44"," 6.680"," 8.07"," 22.6"," 12.90"," 2.8093"," 1.1e-01"," 71.3","  0.0"
"Zach Redmond","41"," 1.002"," 6.17"," 54.3"," 47.84"," 0.7775"," 1.7e-01"," 31.9","  0.0"
"Tuomo Ruutu","46"," 4.442"," 3.55"," 86.3"," 14.69"," 0.3401"," 4.3e-02"," 41.1"," 18.1"
"Jack Skille","43"," 5.048"," 4.52"," 64.2"," 17.11"," 0.3188"," 1.7e-01"," 57.5","  7.4"
"Daniel Carr","41"," 7.491"," 6.73"," 46.0","  9.12"," 1.6914"," 6.8e-02"," 68.2","  0.0"
"Anthony Bitetto","39"," 0.095"," 5.12"," 81.9"," 55.51"," 0.2380"," 3.9e-03"," 25.7","  0.0"
"Brandon Prust","51"," 3.190"," 5.54"," 67.8"," 24.02","-0.2954"," 1.8e-01"," 33.5"," 16.5"
"Mike Sislo","41"," 5.105"," 5.31"," 62.6"," 16.23"," 1.3054"," 1.1e-01"," 57.2","  0.0"
"Joseph Blandisi","47"," 5.456","11.30"," 45.2"," 14.71"," 4.2891"," 2.3e-02"," 54.6"," 17.3"
"Rob Klinkhammer","38"," 2.023"," 3.36","116.0"," 15.14","-0.0451"," 5.1e-02"," 23.2","  7.0"
"Paul Byron","44"," 3.738"," 5.62"," 81.8"," 21.37","-0.0390"," 3.4e-01"," 35.6"," 18.3"
"Andrej Sustr","51"," 1.312"," 8.49"," 35.1"," 51.54"," 1.3810"," 3.3e-02"," 42.1","  0.0"
"Andre Benoit","35"," 1.351"," 5.14"," 28.1"," 74.92"," 0.9634"," 6.9e-02"," 30.6","  0.0"
"Dainius Zubrus","49"," 3.419"," 4.66"," 66.2"," 18.50","-0.1667"," 2.4e-02"," 34.0"," 59.6"
"Steve Ott","47"," 3.667"," 4.99"," 81.1"," 15.85"," 0.5299"," 1.0e-01"," 39.2","103.4"
"David Legwand","53"," 4.465"," 8.71"," 28.1"," 17.44"," 0.7562"," 2.2e-01"," 48.4","177.0"
"Nikita Nikitin","42"," 1.912"," 4.86"," 56.6"," 42.14"," 1.1627"," 2.1e-02"," 41.6","  0.0"
"Josh Leivo","36"," 7.130"," 7.38"," 28.5"," 11.02"," 2.6502"," 1.1e-01"," 52.3","  6.4"
"Victor Bartley","33"," 0.955"," 4.29"," 68.1"," 53.07"," 0.6949"," 2.5e-02"," 25.0","  0.0"
"Justin Fontaine","54"," 5.542"," 7.67"," 26.3"," 23.99"," 0.6885"," 1.2e-01"," 52.5","  7.2"
"Scott Mayfield","31"," 1.206"," 4.22"," 55.1"," 65.88"," 0.4067"," 1.6e-02"," 21.8","  0.0"
"Mark Barberio","45"," 2.089"," 8.35"," 32.2"," 37.51"," 1.7790"," 4.3e-02"," 46.2","  0.0"
"Fredrik Claesson","33"," 1.048"," 3.46"," 63.4"," 55.87"," 0.2528"," 3.5e-02"," 30.0","  0.0"
"Drew Shore","39"," 5.974","10.53"," 19.7","  7.54"," 3.5489"," 3.0e-01"," 59.3"," 90.5"
"David Rundblad","40"," 3.052"," 8.12"," 25.3"," 24.13"," 4.3217","-2.0e-02"," 51.6","  0.0"
"Jayson Megna","38"," 5.344"," 6.16"," 50.9"," 11.33"," 1.3666"," 1.7e-01"," 53.1","  9.5"
"Chris Terry","43"," 4.688"," 4.70"," 57.2"," 16.89"," 0.6595"," 9.3e-02"," 44.9","  6.6"
"Steve Downie","46"," 4.482"," 6.17"," 60.5"," 16.62"," 0.7071"," 1.1e-01"," 40.1"," 11.0"
"Nikita Zadorov","38"," 0.876"," 3.73"," 91.9"," 35.26"," 0.5014"," 2.2e-03"," 25.9","  0.0"
"Blake Pietila","33"," 3.863"," 3.71"," 83.2"," 13.70"," 0.3611"," 6.1e-02"," 43.2","  0.0"
"Andreas Athanasiou","46"," 7.069"," 7.19"," 29.5"," 11.31"," 0.7365"," 4.2e-01"," 64.7"," 66.7"
"Erik Condra","50"," 5.568"," 5.53"," 33.4"," 19.79"," 0.2063"," 2.0e-01"," 56.6","  7.4"
"Tanner Kero","39"," 3.779"," 5.00"," 45.2"," 20.45"," 0.4743"," 1.5e-01"," 53.9","121.5"
"Mark Pysyk","45"," 1.594"," 7.63"," 37.6"," 46.57"," 1.1054"," 8.0e-03"," 40.3","  0.0"
"Scott Gomez","48"," 3.423","10.39"," 13.7"," 17.23"," 3.2436"," 2.6e-02"," 40.3","204.1"
"Jordan Oesterle","34"," 2.157"," 6.28"," 27.0"," 47.85"," 1.5105"," 5.4e-02"," 42.1","  0.0"
"Andrew Ference","41"," 1.297"," 4.91"," 67.4"," 40.17"," 1.0390","-2.1e-02"," 33.1","  0.0"
"Mike Santorelli","50"," 5.367"," 7.49"," 33.3"," 18.37"," 0.9795"," 1.4e-01"," 60.3"," 76.1"
"Martin Marincin","50"," 0.560"," 5.93"," 41.5"," 55.50"," 0.4759"," 2.9e-02"," 40.3","  0.0"
"Justin Falk","37"," 0.723"," 4.28"," 58.9"," 55.90"," 0.3577"," 2.5e-02"," 23.5","  0.0"
"John Ramage","26"," 1.218"," 4.56"," 14.7"," 75.49"," 1.0559"," 1.0e-01"," 24.2","  0.0"
"Nate Guenin","40"," 1.670"," 5.58"," 36.4"," 50.04"," 1.1892"," 4.1e-02"," 33.1","  0.0"
"Derek Grant","34"," 3.179"," 2.85"," 55.0"," 21.20"," 0.0728"," 1.5e-01"," 43.6","134.7"
"Colin McDonald","37"," 2.731"," 3.68","109.0"," 12.36"," 0.2370"," 1.8e-02"," 24.3","  0.0"
"Travis Moen","47"," 3.223"," 2.29"," 64.9"," 25.12","-1.0893"," 1.3e-01"," 27.5"," 11.8"
"Josh Anderson","32"," 2.381"," 3.91"," 99.9"," 12.66"," 0.2739"," 6.7e-02"," 30.8","  0.0"
"Rob Scuderi","52"," 0.859"," 5.94"," 38.9"," 63.01"," 0.3594","-6.6e-03"," 28.0","  0.0"
"Joel Armia","40"," 3.312"," 4.96"," 66.2"," 17.86"," 0.6368"," 9.3e-02"," 40.0","  0.0"
"Bobby Farnham","42"," 3.838"," 3.52"," 77.1"," 15.99","-0.2260"," 1.0e-01"," 36.5","  6.2"
"Michael Mersch","36"," 3.591"," 3.73"," 54.0"," 18.34"," 0.1353"," 1.1e-01"," 45.8","  6.2"
"Quinton Howden","51"," 3.678"," 4.44"," 98.8"," 11.71","-0.5663"," 6.2e-02"," 46.4","  8.4"
"Chris Butler","36"," 1.382"," 4.99"," 32.5"," 55.08"," 1.0126"," 6.3e-02"," 30.9","  0.0"
"Jared Boll","49"," 1.889"," 2.64"," 89.4"," 25.18","-1.4967"," 7.5e-02"," 23.5","  8.3"
"Dylan Olsen","39"," 1.735"," 5.14"," 42.8"," 39.46"," 1.1212"," 5.0e-02"," 37.8","  0.0"
"Viktor Svedberg","41"," 2.303"," 5.04"," 24.5"," 43.68"," 0.6429"," 3.7e-02"," 55.5","  0.0"
"Dylan DeMelo","48"," 1.194"," 5.93"," 43.5"," 40.86"," 1.5457","-5.5e-02"," 45.8","  0.0"
"Shawn Thornton","49"," 3.808"," 3.69"," 74.7","  9.46","-0.3685"," 1.2e-01"," 52.2"," 12.6"
"Adam Pelech","31"," 1.158"," 4.44"," 50.9"," 49.34"," 0.6675"," 2.7e-02"," 27.0","  0.0"
"Matt Halischuk","41"," 4.530"," 4.57"," 56.0"," 17.28"," 0.5637"," 7.7e-02"," 41.6","  6.2"
"Derrick Pouliot","37"," 2.116"," 6.80"," 31.2"," 33.94"," 1.8932"," 1.8e-02"," 40.4","  0.0"
"Griffin Reinhart","34"," 0.445"," 2.48"," 70.3"," 51.19","-0.1931"," 1.1e-02"," 23.8","  0.0"
"Ryan Hartman","29"," 2.976"," 4.76"," 49.1"," 23.94"," 0.8861"," 1.0e-01"," 27.5"," 11.3"
"Craig Cunningham","35"," 3.426"," 2.98"," 57.0"," 15.32"," 0.2235"," 1.3e-01"," 36.6"," 17.8"
"Colton Sissons","42"," 3.213"," 4.11"," 45.6"," 22.13","-0.5601"," 1.1e-01"," 33.0","168.9"
"Rich Clune","37"," 2.034"," 2.67","107.1"," 12.92","-0.3049"," 2.3e-02"," 18.3","  0.0"
"Matt Greene","39"," 1.331"," 4.56"," 70.5"," 25.59"," 0.9590"," 8.1e-03"," 30.3","  0.0"
"Chris Porter","42"," 1.966"," 1.78","105.5"," 13.26","-1.0665"," 4.2e-02"," 30.2","  0.0"
"Casey Nelson","31"," 1.990","11.37"," 20.5"," 21.13"," 6.1399","-1.1e-01"," 25.2","  0.0"
"Cody Goloubef","40"," 0.639"," 5.83"," 40.4"," 47.33"," 0.7459"," 3.1e-02"," 33.1","  0.0"
"Lucas Lessio","36"," 2.730"," 2.95"," 73.0"," 16.86","-0.0903"," 6.4e-02"," 35.9","  0.0"
"Korbinian Holzer","37"," 0.391"," 3.37"," 73.3"," 42.71"," 0.0525"," 1.3e-02"," 21.6","  0.0"
"Landon Ferraro","40"," 3.471"," 4.27"," 66.4"," 20.85"," 0.0952"," 1.1e-01"," 42.1"," 18.0"
"Frederik Gauthier","32"," 1.787"," 3.35"," 42.0"," 25.62","-0.2578"," 1.1e-01"," 15.0","223.0"
"Kevin Porter","40"," 2.260"," 2.17"," 87.4"," 21.41","-0.7125"," 7.5e-02"," 30.6"," 45.0"
"Charles Hudon","28"," 3.179"," 7.91"," 57.7","  9.12"," 2.1134"," 3.3e-02"," 26.6","  0.0"
"Daniel Paille","37"," 3.101"," 2.82"," 52.5"," 24.65","-0.2572"," 8.5e-02"," 30.2","  0.0"
"Turner Elson","24"," 3.489","10.38"," 40.2","  8.13"," 3.1588"," 5.6e-02"," 22.3","  0.0"
"Kerby Rychel","37"," 3.276"," 6.41"," 49.9"," 12.53"," 0.9927"," 8.6e-02"," 33.4","  5.2"
"Hunter Shinkaruk","34"," 5.230"," 7.36"," 39.5"," 12.14"," 4.3972","-3.9e-02"," 51.0","  0.0"
"Kyle Chipchura","51"," 2.924"," 6.04"," 60.3"," 15.61","-0.5571"," 7.9e-02"," 36.9"," 94.4"
"Chad Ruhwedel","25"," 0.545"," 2.49"," 65.9"," 44.75"," 0.2113"," 1.6e-02"," 19.7","  0.0"
"Anthony Mantha","35"," 5.857"," 6.60"," 18.9","  9.40"," 3.7828"," 6.2e-03"," 60.3","  0.0"
"Michael Latta","45"," 2.225"," 4.78"," 67.0"," 15.84","-0.3005"," 9.5e-02"," 27.8","110.6"
"Sergei Plotnikov","42"," 2.955"," 1.56"," 90.8","  9.15","-0.7657"," 6.4e-02"," 33.5","  5.7"
"Alexei Marchenko","41","-0.044"," 5.18"," 39.3"," 60.06"," 0.0443"," 1.0e-03"," 24.3","  0.0"
"Tomas Jurco","45"," 4.023"," 4.05"," 61.1"," 10.20","-0.0043"," 1.1e-01"," 44.4","  6.0"
"Oskar Sundqvist","38"," 2.399"," 4.96"," 40.0"," 11.34","-0.2171"," 5.5e-01"," 29.2","131.0"
"Matt Tennyson","41"," 1.063"," 6.03"," 39.5"," 33.16"," 0.9895","-6.3e-03"," 36.7","  0.0"
"Mike Reilly","43"," 1.638"," 8.21"," 11.1"," 37.14"," 2.1098","-3.8e-02"," 42.8","  0.0"
"T.J. Brennan","31"," 1.820"," 5.18"," 32.8"," 27.30"," 1.7862"," 1.4e-02"," 40.0","  0.0"
"Brendan Gaunce","37"," 2.950"," 4.29"," 59.5","  7.53"," 0.7092"," 1.0e-01"," 49.4"," 88.2"
"Kael Mouillierat","26"," 1.797"," 2.42"," 84.7"," 10.68"," 0.2447"," 8.4e-02"," 16.2","116.7"
"Patrick Brown","34"," 2.765"," 4.36"," 57.5"," 26.21"," 0.3669"," 6.0e-02"," 34.4","  0.0"
"Scott Wilson","39"," 4.869"," 3.66"," 63.3"," 11.15"," 0.1586"," 5.3e-02"," 56.4","  0.0"
"Michal Jordan","41"," 0.392"," 5.44"," 33.3"," 42.75"," 1.0641","-1.3e-02"," 33.2","  0.0"
"Tobias Lindberg","30"," 4.089"," 5.18"," 48.8","  5.69"," 1.5181"," 8.0e-02"," 50.6","  0.0"
"Brad Malone","42"," 1.375"," 3.19"," 92.1"," 15.88","-0.8495"," 6.3e-02"," 23.2"," 33.8"
"Tyler Wotherspoon","32"," 0.809"," 3.48"," 42.9"," 46.66"," 0.3514"," 1.3e-02"," 21.6","  0.0"
"Andy Andreoff","44"," 3.148"," 3.69"," 65.2"," 11.53","-0.6107"," 9.1e-02"," 33.3"," 93.7"
"Christian Folin","35"," 0.330"," 5.36"," 53.6"," 42.15"," 0.6745","-4.1e-02"," 13.0","  0.0"
"Eric Boulton","36"," 2.312"," 1.64"," 75.0"," 14.71","-0.2337"," 3.0e-02"," 24.5","  0.0"
"Noel Acciari","34"," 1.978"," 1.66"," 84.1","  8.06","-0.5604"," 8.0e-02"," 27.2","103.7"
"Seth Helgeson","34","-0.144"," 1.90"," 75.8"," 40.82","-0.5401","-2.2e-02"," 14.6","  0.0"
"Mike Zalewski","27"," 1.930"," 3.72"," 50.6","  8.03"," 0.5088"," 7.4e-02"," 15.6"," 52.7"
"Ross Johnston","21"," 0.895"," 0.76","107.9","  7.51","-0.1001"," 2.9e-02"," 12.0","  0.0"
"Ryan Pulock","36"," 1.922"," 4.92"," 34.1"," 29.87"," 0.5247","-1.4e-02"," 34.8","  0.0"
"Shane Prince","43"," 4.230"," 7.71"," 31.0"," 12.78"," 1.3468"," 1.1e-01"," 52.2","  7.3"
"Gregg McKegg","33"," 2.122"," 4.69"," 48.8"," 15.74"," 0.6949"," 9.4e-02"," 22.4","106.7"
"Tom Sestito","32"," 1.533"," 2.44"," 92.3"," 10.91","-0.2085","-1.2e-02","  9.8","  0.0"
"Philip Samuelsson","24"," 0.690"," 3.29"," 24.7"," 55.37"," 0.4588"," 3.8e-02"," 18.2","  0.0"
"Jarred Tinordi","26"," 0.710"," 3.13"," 55.8"," 30.84"," 0.5458"," 6.1e-03"," 18.8","  0.0"
"Derek Ryan","33"," 4.576"," 6.64","  5.8","  9.59"," 2.9728"," 4.2e-02"," 26.5","182.4"
"Andrew Agozzino","27"," 2.128"," 5.37"," 25.1"," 10.78"," 1.3554"," 1.5e-02"," 11.1"," 62.2"
"Kevin Fiala","34"," 4.568"," 5.79"," 23.1"," 15.35"," 1.8894"," 7.9e-02"," 54.7","  0.0"
"Phil Varone","31"," 2.643"," 5.31"," 27.8"," 27.93"," 0.1502"," 8.9e-02"," 21.9"," 64.7"
"Michael Blunden","35"," 2.306"," 2.94"," 77.0"," 10.16","-0.1793"," 5.5e-02"," 23.1","  0.0"
"Brock McGinn","36"," 3.632"," 2.55"," 49.8"," 10.29","-0.3417"," 3.0e-02"," 39.6","  0.0"
"Andrey Pedan","26"," 0.525"," 2.52"," 73.2"," 19.66"," 0.3590","-2.3e-02"," 17.6","  0.0"
"Anthony Peluso","42"," 1.221"," 2.68"," 93.6"," 10.77","-0.8824","-1.9e-04"," 18.5","  0.0"
"Taylor Chorney","42","-0.580"," 4.02"," 48.0"," 46.08","-0.3738","-3.4e-02"," 20.5","  0.0"
"Jim O'Brien","26"," 1.942"," 3.00"," 43.4"," 11.63"," 0.2680"," 9.2e-02"," 18.6","178.3"
"Luke Gazdic","42"," 1.225"," 3.57"," 59.2"," 16.49","-0.1589"," 6.9e-05"," 19.0","  0.0"
"Jordan Nolan","45"," 2.579"," 3.13"," 76.0"," 12.47","-0.2512"," 2.0e-02"," 32.9","  0.0"
"Ben Harpur","28"," 0.542"," 3.42"," 46.5"," 36.63"," 0.2756","-6.3e-03"," 17.0","  0.0"
"Ty Rattie","34"," 4.829"," 5.31"," 29.0","  9.29"," 1.0879"," 9.1e-02"," 38.4","  0.0"
"Conor Sheary","45"," 5.389"," 4.19"," 24.1","  6.30","-0.1552"," 7.3e-02"," 50.7","  6.2"
"Christian Thomas","31"," 3.655"," 5.12"," 35.8","  8.33"," 1.4232"," 8.5e-02"," 38.8","  0.0"
"Ryan Dzingel","40"," 2.927"," 5.26"," 70.0","  8.06"," 0.1017"," 3.6e-02"," 32.0","  7.2"
"James Wisniewski","32"," 1.145"," 4.81"," 31.4"," 21.19"," 2.0030"," 9.9e-03"," 26.1","  0.0"
"Laurent Dauphin","31"," 2.341"," 3.89"," 24.4"," 22.48"," 0.1883"," 7.2e-02"," 24.4","118.4"
"Rocco Grimaldi","34"," 4.130"," 3.81"," 35.2","  6.89"," 0.2369"," 1.4e-01"," 49.9"," 72.7"
"Jordan Schroeder","38"," 2.904"," 4.26"," 34.4"," 20.59","-0.0169"," 6.8e-02"," 39.5"," 26.6"
"John Scott","38"," 1.811"," 1.28"," 72.7"," 12.92","-0.8510"," 5.3e-03"," 16.2","  0.0"
"Petter Granberg","31","-0.039"," 2.40"," 58.6"," 33.13","-0.1069","-6.9e-04"," 11.7","  0.0"
"Paul Postma","36"," 0.587"," 5.41"," 27.8"," 28.91"," 1.2841","-1.9e-02"," 24.6","  0.0"
"Nate Prosser","37"," 0.188"," 2.97"," 31.7"," 50.68","-0.2425","-7.8e-03"," 15.5","  0.0"
"Mike Angelidis","27"," 2.075"," 2.87"," 39.4","  7.63","-0.0494"," 3.2e-02","  7.5"," 64.6"
"Andrew Copp","39"," 2.047"," 3.98"," 42.5"," 11.74","-0.7937"," 5.1e-02"," 30.8","123.8"
"Esa Lindell","22"," 0.847"," 2.80"," 24.0"," 43.18"," 0.4160"," 1.9e-02"," 18.4","  0.0"
"Paul Carey","33"," 2.945"," 4.57"," 52.9"," 12.23"," 0.9536"," 3.3e-02"," 29.6","  0.0"
"Clarke MacArthur","34"," 3.278"," 3.85"," 34.0"," 10.90"," 0.7886","-8.4e-03"," 28.1","  0.0"
"Matt Puempel","35"," 3.027"," 2.59"," 31.4"," 13.23","-0.4857"," 6.4e-02"," 33.4","  5.1"
"Ben Street","21"," 1.771"," 1.96"," 22.5"," 11.19"," 0.0423"," 7.4e-02"," 17.5"," 78.7"
"Brady Skjei","23"," 0.734"," 2.68"," 36.2"," 33.55"," 0.3923"," 2.4e-03"," 17.8","  0.0"
"Taylor Beck","25"," 1.745"," 1.21"," 61.4"," 10.87"," 0.0151"," 2.4e-02"," 18.7","  0.0"
"Corban Knight","34"," 2.426"," 5.20"," 39.2","  9.06"," 0.4020"," 9.4e-02"," 22.3"," 95.7"
"Scott Harrington","31"," 0.212"," 2.21"," 48.1"," 34.44","-0.2098","-1.8e-02"," 15.9","  0.0"
"Tyson Strachan","27"," 0.716"," 2.51"," 47.5"," 18.50"," 0.5707"," 2.6e-02"," 20.3","  0.0"
"Tyler Gaudet","33"," 1.451"," 3.37"," 53.5"," 11.94","-0.4269"," 5.9e-02"," 16.2","104.8"
"Jeff Schultz","25"," 1.142"," 3.62"," 12.1"," 35.32"," 0.9375"," 4.9e-02"," 22.0","  0.0"
"Jujhar Khaira","30"," 2.040"," 1.82"," 54.5"," 10.55","-0.2619"," 1.7e-02"," 23.9","  0.0"
"Xavier Ouellet","30"," 0.873"," 3.67"," 36.3"," 23.98"," 0.4996","-1.2e-03"," 21.6","  0.0"
"Slater Koekkoek","31"," 1.300"," 3.44"," 26.9"," 22.69"," 0.6699"," 4.4e-03"," 29.3","  0.0"
"Corey Potter","27"," 1.445"," 4.36"," 16.6"," 21.31"," 1.4915"," 4.2e-02"," 23.8","  0.0"
"Cal O'Reilly","38"," 3.668"," 7.28"," 10.7","  9.41"," 1.7585"," 1.6e-02"," 27.0","108.6"
"Ronalds Kenins","24"," 2.109"," 2.11"," 55.3","  7.13"," 0.0525"," 3.2e-02"," 19.0","  5.3"
"Mikko Rantanen","25"," 2.746"," 3.01","  8.6"," 15.87"," 0.6552"," 9.3e-02"," 23.1"," 37.1"
"Yanni Gourde","22"," 2.665"," 5.34"," 24.5","  9.73"," 1.2154"," 2.7e-02"," 20.6","  0.0"
"Aaron Ness","29"," 1.253"," 4.48"," 17.9"," 26.52"," 0.8170","-6.7e-03"," 26.4","  0.0"
"Andrew Campbell","29","-0.121"," 2.87"," 31.2"," 44.96","-0.1777"," 6.1e-03","  9.1","  0.0"
"Petteri Lindbohm","24"," 0.826"," 2.45"," 35.4"," 27.46"," 0.2434","-2.8e-03"," 20.2","  0.0"
"Viktor Loov","26"," 0.527"," 6.01"," 47.9"," 12.65"," 1.2085","-5.6e-02","  8.2","  0.0"
"Barclay Goodrow","36"," 2.721"," 3.48"," 27.8"," 10.55","-0.1594"," 5.3e-02"," 21.7"," 13.3"
"Steven Santini","24"," 1.283"," 3.41","  8.4"," 34.26"," 0.9178"," 3.7e-02"," 21.6","  0.0"
"Garrett Wilson","23"," 1.604"," 1.85"," 60.9","  6.61"," 0.2035"," 2.7e-02"," 15.9","  0.0"
"Josh Morrissey","21"," 0.760"," 2.57"," 22.7"," 36.68"," 0.3806"," 1.2e-02"," 16.9","  0.0"
"Ryan Stanton","32"," 1.553"," 4.38"," 13.5"," 11.55"," 1.6818"," 8.3e-02"," 26.8","  0.0"
"Michael Sgarbossa","24"," 2.039"," 3.56"," 10.2"," 28.80"," 0.6380"," 9.4e-02"," 20.5"," 49.7"
"Dennis Everberg","29"," 2.308"," 2.55"," 29.2"," 20.13"," 0.0614"," 2.8e-02"," 23.5","  0.0"
"Sonny Milano","24"," 1.874"," 3.55"," 31.8"," 13.49"," 0.4098"," 1.1e-02"," 16.3","  0.0"
"Derek Forbort","35"," 0.949"," 3.48"," 27.2"," 22.71"," 0.0427","-2.6e-02"," 31.6","  0.0"
"Connor Brickley","36"," 1.126"," 3.54"," 70.3"," 10.99","-0.4393","-2.1e-02"," 20.6","  0.0"
"Hudson Fasching","31"," 3.497"," 3.49"," 37.6","  5.58"," 0.2457"," 2.8e-02"," 36.6","  0.0"
"Brandon Mashinter","42"," 2.294"," 1.52"," 64.4","  5.35","-1.3210","-2.6e-02"," 25.1","  0.0"
"Tommy Cross","24"," 1.418"," 4.74"," 26.8"," 12.67"," 1.0330","-1.3e-02"," 20.4","  0.0"
"Luke Witkowski","24"," 0.666"," 2.55"," 48.0"," 13.10"," 0.5120","-1.4e-02"," 16.6","  0.0"
"Stefan Matteau","35"," 1.177"," 1.54"," 73.9"," 10.69","-0.9392"," 6.1e-03"," 26.5","  0.0"
"Julian Melchiori","24"," 0.635"," 2.56"," 39.3"," 21.42"," 0.3712","-2.1e-02"," 17.1","  0.0"
"Tyler Randell","34"," 3.109"," 3.22"," 48.0","  9.95","-0.0771","-3.5e-02"," 20.3","  0.0"
"Chris Summers","23"," 0.837"," 2.82"," 36.5"," 15.34"," 0.6377"," 6.9e-03"," 17.7","  0.0"
"Micheal Haley","30"," 0.825"," 2.77"," 68.4"," 10.20","-0.1495"," 1.3e-02"," 13.9"," 22.3"
"Dustin Jeffrey","33"," 2.979"," 4.52"," 14.8","  6.07"," 0.0537"," 7.1e-02"," 25.0","157.1"
"Stuart Percy","20"," 0.629"," 2.85"," 28.0"," 21.37"," 0.9111","-2.3e-03"," 15.9","  0.0"
"Matt Irwin","27"," 1.078"," 3.06"," 16.9"," 18.11"," 0.9444"," 2.5e-02"," 24.3","  0.0"
"Bryan Lerg","16"," 1.778"," 0.80"," 31.1","  6.96","-0.3204"," 3.6e-02"," 16.6"," 41.5"
"John McFarland","19"," 1.403"," 1.50"," 31.7"," 15.29"," 0.0177"," 1.5e-02"," 14.2","  0.0"
"Jordan Caron","26"," 1.755"," 1.55"," 36.5"," 10.27","-0.0269"," 3.9e-02"," 18.8","  0.0"
"Chris Bigras","40","-0.017"," 3.43"," 28.4"," 27.84","-0.4110","-5.5e-02"," 26.1","  0.0"
"Vojtech Mozik","22"," 0.571"," 2.36"," 38.2"," 18.29"," 0.3406","-2.2e-02"," 15.7","  0.0"
"Dean Kukan","23"," 0.719"," 2.61"," 22.6"," 27.13"," 0.3818","-9.6e-03"," 17.0","  0.0"
"Andrew Bodnarchuk","38","-0.285"," 2.69"," 45.4"," 30.79","-0.5536","-7.7e-02"," 10.2","  0.0"
"Brandon Tanev","19"," 1.338"," 1.38"," 42.9"," 10.89","-0.0055"," 9.4e-03"," 13.8","  0.0"
"Scott Kosmachuk","28"," 2.780"," 4.76"," 25.9","  6.64"," 0.9625"," 2.3e-02"," 27.9","  0.0"
"Daniel Sprong","32"," 3.086"," 3.33"," 27.1","  5.83"," 0.3173"," 4.1e-02"," 34.3","  5.4"
"Harry Zolnierczyk","22"," 1.414"," 1.04"," 56.9","  9.48","-0.0870"," 3.1e-02"," 15.4","  0.0"
"Nic Petan","40"," 3.479"," 5.90"," 17.3","  7.27"," 0.6418"," 4.4e-02"," 41.4"," 21.9"
"Brad Hunt","21"," 0.689"," 2.47"," 24.7"," 23.07"," 0.4597","-3.6e-03"," 16.6","  0.0"
"Michael Kostka","30"," 0.364"," 2.16"," 17.9"," 37.07","-0.2985","-1.9e-02"," 17.7","  0.0"
"J.C. Lipon","26"," 1.013"," 0.82"," 76.5","  6.26","-0.6992","-1.3e-02"," 10.3","  0.0"
"Tim Jackman","30"," 2.034"," 1.92"," 32.6"," 11.77"," 0.0384"," 5.9e-02"," 22.6","  0.0"
"Joakim Andersson","41"," 1.574"," 3.15"," 32.9"," 12.60","-0.9205"," 4.7e-02"," 25.2"," 64.6"
"Brandon Gormley","30"," 0.181"," 1.85"," 28.8"," 27.93","-0.2903","-1.4e-02"," 13.9","  0.0"
"Curtis McKenzie","23"," 1.753"," 1.64"," 34.6","  7.86","-0.0288"," 1.4e-02"," 17.8","  0.0"
"Emile Poirier","19"," 1.314"," 1.53"," 38.1","  9.15"," 0.0261"," 4.0e-03"," 13.2","  0.0"
"Eric Tangradi","23"," 1.482"," 1.69"," 27.1","  9.13"," 0.1536"," 5.2e-02"," 16.4","  0.0"
"Marek Hrivik","24"," 1.765"," 2.30"," 29.1","  4.73","-0.0951"," 2.4e-02"," 14.6"," 16.5"
"Tyler Graovac","24"," 1.763"," 2.74"," 12.4","  8.69"," 0.4810"," 1.1e-01"," 16.5","132.4"
"Eric Selleck","18"," 0.957"," 0.94"," 47.8","  5.82","-0.0396"," 1.6e-02"," 11.0","  0.0"
"Brian O'Neill","31"," 1.505"," 1.70"," 49.8"," 11.67","-0.6487"," 2.4e-02"," 18.9","  6.3"
"Stanislav Galiev","29"," 3.380"," 2.56"," 25.8","  5.94"," 0.0746"," 5.5e-05"," 30.0","  0.0"
"Michael Paliotta","20"," 1.074"," 3.64","  7.7"," 15.48"," 1.0457"," 8.7e-03"," 16.9","  0.0"
"Brent Regner","22"," 0.675"," 2.47"," 16.4"," 21.94"," 0.3615","-1.7e-02"," 15.9","  0.0"
"Mirco Mueller","26"," 0.972"," 3.07"," 14.7"," 14.52"," 0.5842","-1.4e-02"," 20.6","  0.0"
"Brody Sutter","22"," 1.196"," 1.54"," 48.7","  8.64"," 0.0222"," 4.6e-02"," 14.3"," 27.2"
"Oliver Kylington","23"," 1.069"," 2.99","  8.4"," 15.70"," 0.8310"," 5.8e-03"," 18.8","  0.0"
"Seth Griffith","30"," 1.724"," 4.56"," 25.1"," 10.32"," 2.6161","-6.5e-02"," 16.9","  0.0"
"Cody Bass","25"," 1.658"," 2.27"," 38.4"," 10.49"," 0.0686"," 3.0e-02"," 18.3"," 19.0"
"Alex Grant","21"," 0.513"," 2.17"," 30.5"," 12.15"," 0.3121","-3.0e-02"," 14.3","  0.0"
"Kevin Gravel","21"," 0.607"," 2.31"," 19.8"," 18.11"," 0.3364","-2.1e-02"," 15.0","  0.0"
"Stefan Noesen","19"," 1.175"," 0.87"," 47.5","  7.71","-0.0518"," 1.7e-02"," 12.4","  0.0"
"Max Friberg","19"," 1.259"," 1.49"," 29.3","  7.15"," 0.0622"," 8.6e-03"," 12.6","  0.0"
"Rinat Valiev","23"," 0.588"," 2.39"," 23.4"," 12.91"," 0.3448","-3.4e-02"," 15.5","  0.0"
"Andrew Miller","19"," 1.678"," 2.14"," 12.8","  6.70"," 0.2961"," 5.6e-02"," 14.0"," 35.8"
"John McCarthy","21"," 1.927"," 2.10","  8.0","  9.65"," 0.4464"," 3.5e-02"," 17.5","  0.0"
"Trevor Carrick","20"," 0.616"," 2.25"," 13.7"," 19.86"," 0.3287","-1.6e-02"," 14.5","  0.0"
"Sergei Tolchinsky","23"," 1.590"," 4.49","  9.3","  6.57"," 0.8584"," 8.9e-03"," 10.6","  0.0"
"Matt Taormina","20"," 0.635"," 2.29"," 11.1"," 20.06"," 0.3354","-1.7e-02"," 14.7","  0.0"
"Christoph Bertschy","19"," 1.034"," 1.52"," 43.5"," 11.36","-0.0088"," 2.6e-03"," 13.6","  0.0"
"Ryan Johnston","20"," 0.567"," 2.18"," 16.6"," 15.19"," 0.3164","-2.4e-02"," 14.0","  0.0"
"Tye McGinn","26"," 2.326"," 2.29"," 11.3","  1.49"," 0.5704"," 7.4e-02"," 21.8","  0.0"
"Justin Bailey","20"," 1.494"," 1.60"," 22.6"," 12.26"," 0.0202"," 7.5e-03"," 14.8","  0.0"
"Borna Rendulic","19"," 1.467"," 1.84"," 14.1"," 15.10"," 0.0995"," 1.9e-02"," 14.1","  0.0"
"Chandler Stephenson","23"," 1.684"," 2.44"," 16.9","  9.01"," 0.1517"," 4.4e-02"," 17.0"," 73.6"
"Josh Archibald","18"," 1.337"," 1.45"," 19.7"," 14.00"," 0.0263"," 1.2e-02"," 13.3","  0.0"
"Joe Vitale","28"," 1.245"," 2.05"," 31.2"," 12.07","-0.0043"," 1.4e-02"," 18.4","  0.0"
"Nic Dowd","22"," 1.269"," 1.96"," 23.6","  6.77"," 0.1207"," 5.9e-02"," 14.0"," 75.6"
"Daniel Catenacci","22"," 1.390"," 1.86"," 43.0","  4.79"," 0.0268"," 1.6e-02"," 15.8","  6.3"
"Morgan Ellis","20"," 0.579"," 2.18"," 11.0"," 14.87"," 0.3168","-2.5e-02"," 13.9","  0.0"
"Anton Slepyshev","25"," 1.392"," 1.05"," 30.3","  2.74","-0.6488"," 6.6e-03"," 11.5","  5.1"
"Sean Collins","22"," 1.538"," 2.88"," 15.4"," 12.01"," 0.6469"," 5.3e-02"," 17.6","  0.0"
"Kenny Agostino","17"," 0.989"," 1.02"," 23.7","  5.17","-0.0153"," 1.1e-02"," 10.7","  0.0"
"Cole Schneider","17"," 0.989"," 1.02"," 23.7","  5.17","-0.0153"," 1.1e-02"," 10.7","  0.0"
"Alex Grenier","19"," 1.625"," 1.67"," 18.4","  7.95"," 0.0569"," 2.5e-02"," 14.7","  5.2"
"Mark McNeill","18"," 0.666"," 1.07"," 48.4","  6.27","-0.0428"," 9.8e-03"," 10.8","  0.0"
"Brett Kulak","20"," 0.525"," 2.27"," 11.5"," 11.70"," 0.3475","-2.8e-02"," 13.5","  0.0"
"Taylor Leier","18"," 1.379"," 1.47"," 10.7","  7.67"," 0.0199","-1.0e-03"," 13.4","  0.0"
"Gustav Olofsson","19"," 0.234"," 1.73"," 17.8","  9.77"," 0.2736","-1.6e-02"," 11.3","  0.0"
"Brett Lernout","19"," 0.229"," 1.69"," 17.4","  9.56"," 0.2676","-1.6e-02"," 11.0","  0.0"
"Kyle Baun","18"," 0.986"," 1.34"," 28.3","  6.03"," 0.1508"," 3.2e-02"," 10.7","  0.0"
"Michael Matheson","19"," 0.526"," 2.06"," 11.0","  9.85"," 0.2986","-3.2e-02"," 13.1","  0.0"
"Chris Brown","19"," 0.950"," 1.27"," 36.1","  8.12","-0.0294"," 1.4e-02"," 12.3","  0.0"
"Brendan Woods","18"," 1.054"," 1.24"," 12.7","  5.83"," 0.0731"," 1.9e-02"," 10.8","  0.0"
"Paul Thompson","17"," 1.014"," 1.06"," 16.5","  5.05","-0.0079"," 9.6e-03"," 10.7","  0.0"
"Marc-Andre Gragnani","19"," 0.527"," 2.08","  9.8","  8.76"," 0.3007","-3.5e-02"," 13.2","  0.0"
"Patrice Cormier","20"," 1.220"," 2.13"," 15.5","  8.23"," 0.2734"," 6.5e-02"," 13.8"," 33.0"
"Michael Keranen","16"," 0.965"," 1.01"," 15.7","  4.80","-0.0075"," 9.1e-03"," 10.2","  0.0"
"Miles Wood","16"," 0.965"," 1.01"," 15.7","  4.80","-0.0075"," 9.1e-03"," 10.2","  0.0"
"Jeremy Welsh","18"," 0.954"," 1.37"," 32.6","  5.92"," 0.0228"," 3.2e-02"," 11.9"," 10.7"
"Jordan Weal","23"," 1.670"," 2.36"," 13.9","  3.96"," 0.1191"," 2.7e-02"," 17.0"," 54.2"
"Joel Vermin","23"," 1.138"," 1.60"," 23.3","  6.55","-0.4639"," 8.4e-04","  6.1","  6.2"
"Sam Carrick","19"," 1.057"," 1.39"," 24.8","  6.80","-0.0412"," 3.8e-02"," 13.5"," 12.8"
"Kasperi Kapanen","20"," 1.394"," 1.43"," 24.6","  2.74","-0.0067","-8.5e-03"," 13.7","  0.0"
"Nikolay Goldobin","33"," 3.063"," 3.33"," 11.7"," -5.86"," 0.2674"," 2.5e-02"," 28.0","  0.0"
"Kurtis Gabriel","18"," 1.014"," 1.05"," 21.6","  5.21","-0.0130"," 1.1e-02"," 10.9","  0.0"
"Dominik Simon","23"," 1.434"," 3.56"," 12.1","  7.33"," 0.3882","-1.2e-02"," 14.8","  0.0"
"Vincent Hinostroza","20"," 1.460"," 2.05"," 10.9","  5.58"," 0.0982"," 2.4e-02"," 15.1"," 37.5"
"Chase De Leo","18"," 0.959"," 1.38"," 24.4","  5.66"," 0.0298"," 3.0e-02"," 11.7"," 10.4"
"Tomas Nosek","19"," 1.065"," 1.54"," 18.3","  5.96"," 0.0438"," 3.2e-02"," 12.6"," 14.2"
"Brett Bulmer","17"," 1.014"," 1.07"," 11.5","  4.89","-0.0030"," 8.5e-03"," 10.6","  0.0"
"Kyle Rau","20"," 1.129"," 1.66"," 14.0","  6.24"," 0.0096","-1.2e-02"," 13.7","  0.0"
"Ryan Carpenter","16"," 0.705"," 1.13"," 16.2","  5.21","-0.0104"," 3.4e-03"," 10.0","  0.0"
"Alex Friesen","16"," 0.705"," 1.13"," 16.2","  5.21","-0.0104"," 3.4e-03"," 10.0","  0.0"
"Alexander Khokhlachev","18"," 0.827"," 1.48"," 14.8","  5.39","-0.0691","-1.7e-02"," 10.8","  0.0"
"Devin Shore","17"," 0.746"," 1.19"," 12.1","  5.30","-0.0059"," 2.6e-03"," 10.4","  0.0"
"Bud Holloway","20"," 1.173"," 1.72","  4.9"," -0.28"," 0.3810"," 2.3e-02"," 13.7","  0.0"
